CENTRO COSTO;VICEPRESIDENCIA;AREA;GERENCIA;CENTRO DE COSTOS;FRONT;CLASIFICACION DEL OFICIO;NOMBRE DEL CARGO;PLAZAS AUTORIZADAS Orig;PLAZAS AUTORIZADAS ;PLAZAS OBRA O LABOR;ADICIONAL;TEMPORADA;BACK UP;TOTAL ;MES;AÑO
42021;VP SENIOR DE COMERCIAL;DIRECCION VENTAS BOGOTA;;002 TIENDA KOAJ 2;COMERCIAL;1,04222E+13;CAJERO(A) TC;2;2;;;;;2;ENERO;2026
42021;VP SENIOR DE COMERCIAL;DIRECCION VENTAS BOGOTA;;002 TIENDA KOAJ 2;COMERCIAL;1,0211E+13;COADMINISTRADOR(A) DE TIENDA;1;1;;;;;1;ENERO;2026
42021;VP SENIOR DE COMERCIAL;DIRECCION VENTAS BOGOTA;;002 TIENDA KOAJ 2;COMERCIAL;1,04517E+13;STAFF COMERCIAL 36H;4;6;;;;;4;ENERO;2026
42021;VP SENIOR DE COMERCIAL;DIRECCION VENTAS BOGOTA;;002 TIENDA KOAJ 2;COMERCIAL;1,04518E+13;STAFF COMERCIAL TC;3;3;;;;;3;ENERO;2026
42021;VP SENIOR DE COMERCIAL;DIRECCION VENTAS BOGOTA;;002 TIENDA KOAJ 2;COMERCIAL;1,02058E+13;ADMINISTRADOR(A) DE TIENDA;1;1;;;;;1;ENERO;2026
42021;VP SENIOR DE COMERCIAL;DIRECCION VENTAS BOGOTA;;002 TIENDA KOAJ 2                                                                            ;COMERCIAL;1,04223E+13;CAJERO(A) 36H;1;1;;;;;1;ENERO;2026
42022;VP SENIOR DE COMERCIAL;DIRECCION VENTAS BOGOTA;;003 TIENDA KOAJ 4;COMERCIAL;1,02058E+13;ADMINISTRADOR(A) DE TIENDA;1;1;;;;;1;ENERO;2026
42022;VP SENIOR DE COMERCIAL;DIRECCION VENTAS BOGOTA;;003 TIENDA KOAJ 4;COMERCIAL;1,04222E+13;CAJERO(A) TC;2;2;;;;;2;ENERO;2026
42022;VP SENIOR DE COMERCIAL;DIRECCION VENTAS BOGOTA;;003 TIENDA KOAJ 4;COMERCIAL;1,0211E+13;COADMINISTRADOR(A) DE TIENDA;1;1;;;;;1;ENERO;2026
42022;VP SENIOR DE COMERCIAL;DIRECCION VENTAS BOGOTA;;003 TIENDA KOAJ 4;COMERCIAL;1,04517E+13;STAFF COMERCIAL 36H;5;6;;;;;6;ENERO;2026
42022;VP SENIOR DE COMERCIAL;DIRECCION VENTAS BOGOTA;;003 TIENDA KOAJ 4;COMERCIAL;1,04518E+13;STAFF COMERCIAL TC;2;2;;;;;2;ENERO;2026
42022;VP SENIOR DE COMERCIAL;DIRECCION VENTAS BOGOTA;;003 TIENDA KOAJ 4                                                                            ;COMERCIAL;1,04223E+13;CAJERO(A) 36 H;0;1;;;;;1;ENERO;2026
42122;VP SENIOR DE COMERCIAL;DIRECCION VENTAS BOGOTA;;009 TIENDA KOAJ GALERIAS;COMERCIAL;1,02058E+13;ADMINISTRADOR(A) DE TIENDA;1;1;;;;;1;ENERO;2026
42122;VP SENIOR DE COMERCIAL;DIRECCION VENTAS BOGOTA;;009 TIENDA KOAJ GALERIAS;COMERCIAL;1,04223E+13;CAJERO(A) 36 H;2;2;;;;;2;ENERO;2026
42122;VP SENIOR DE COMERCIAL;DIRECCION VENTAS BOGOTA;;009 TIENDA KOAJ GALERIAS;COMERCIAL;1,0211E+13;COADMINISTRADOR(A) DE TIENDA;1;1;;;;;1;ENERO;2026
42122;VP SENIOR DE COMERCIAL;DIRECCION VENTAS BOGOTA;;009 TIENDA KOAJ GALERIAS;COMERCIAL;1,04517E+13;STAFF COMERCIAL 36H;2;2;;;;;2;ENERO;2026
42122;VP SENIOR DE COMERCIAL;DIRECCION VENTAS BOGOTA;;009 TIENDA KOAJ GALERIAS;COMERCIAL;1,04518E+13;STAFF COMERCIAL TC;4;4;;;;;4;ENERO;2026
42122;VP SENIOR DE COMERCIAL;DIRECCION VENTAS BOGOTA;;009 TIENDA KOAJ GALERIAS;COMERCIAL;1,04222E+13;CAJERO(A) TC;1;1;;;;;1;ENERO;2026
42118;VP SENIOR DE COMERCIAL;DIRECCION VENTAS BOGOTA;;012 TIENDA KOAJ SUBA IMPERIAL;COMERCIAL;1,02058E+13;ADMINISTRADOR(A) DE TIENDA;2;2;;;;;2;ENERO;2026
42118;VP SENIOR DE COMERCIAL;DIRECCION VENTAS BOGOTA;;012 TIENDA KOAJ SUBA IMPERIAL;COMERCIAL;1,04223E+13;CAJERO(A) 36 H;5;5;;;;;5;ENERO;2026
42118;VP SENIOR DE COMERCIAL;DIRECCION VENTAS BOGOTA;;012 TIENDA KOAJ SUBA IMPERIAL;COMERCIAL;1,04222E+13;CAJERO(A) TC;6;6;;;;;6;ENERO;2026
42118;VP SENIOR DE COMERCIAL;DIRECCION VENTAS BOGOTA;;012 TIENDA KOAJ SUBA IMPERIAL;COMERCIAL;1,0211E+13;COADMINISTRADOR(A) DE TIENDA;0;0;;;;;0;ENERO;2026
42118;VP SENIOR DE COMERCIAL;DIRECCION VENTAS BOGOTA;;012 TIENDA KOAJ SUBA IMPERIAL;COMERCIAL;1,02502E+13;PARTNER COMERCIAL;2;2;;;;;2;ENERO;2026
42118;VP SENIOR DE COMERCIAL;DIRECCION VENTAS BOGOTA;;012 TIENDA KOAJ SUBA IMPERIAL;COMERCIAL;1,04517E+13;STAFF COMERCIAL 36H;13;19;;;;;13;ENERO;2026
42118;VP SENIOR DE COMERCIAL;DIRECCION VENTAS BOGOTA;;012 TIENDA KOAJ SUBA IMPERIAL;COMERCIAL;1,04518E+13;STAFF COMERCIAL TC;17;17;;;;;17;ENERO;2026
42118;;;;012 TIENDA KOAJ SUBA IMPERIAL;COMERCIAL;1,04608E+13;VENDEDOR(A);9;10;;;;;;ENERO;2026
42059;VP SENIOR DE COMERCIAL;DIRECCION VENTAS BOGOTA;;026 TIENDA KOAJ SAN MARTIN P2;COMERCIAL;1,02058E+13;ADMINISTRADOR(A) DE TIENDA;1;1;;;;;1;ENERO;2026
42059;VP SENIOR DE COMERCIAL;DIRECCION VENTAS BOGOTA;;026 TIENDA KOAJ SAN MARTIN P2;COMERCIAL;1,04223E+13;CAJERO(A) 36 H;1;1;;;;;1;ENERO;2026
42059;VP SENIOR DE COMERCIAL;DIRECCION VENTAS BOGOTA;;026 TIENDA KOAJ SAN MARTIN P2;COMERCIAL;1,0211E+13;COADMINISTRADOR(A) DE TIENDA;1;1;;;;;1;ENERO;2026
42059;VP SENIOR DE COMERCIAL;DIRECCION VENTAS BOGOTA;;026 TIENDA KOAJ SAN MARTIN P2;COMERCIAL;1,04517E+13;STAFF COMERCIAL 36H;4;4;;;;;4;ENERO;2026
42059;VP SENIOR DE COMERCIAL;DIRECCION VENTAS BOGOTA;;026 TIENDA KOAJ SAN MARTIN P2;COMERCIAL;1,04518E+13;STAFF COMERCIAL TC;2;2;;;;;2;ENERO;2026
42059;VP SENIOR DE COMERCIAL;DIRECCION VENTAS BOGOTA;;026 TIENDA KOAJ SAN MARTIN P2;COMERCIAL;1,04222E+13;CAJERO(A) TC;2;2;;;;;2;ENERO;2026
41029;VP SENIOR DE COMERCIAL;DIRECCION VENTAS BOGOTA;;031 TIENDA KOAJ CAFAM FLORESTA;COMERCIAL;1,02058E+13;ADMINISTRADOR(A) DE TIENDA;1;1;;;;;1;ENERO;2026
41029;VP SENIOR DE COMERCIAL;DIRECCION VENTAS BOGOTA;;031 TIENDA KOAJ CAFAM FLORESTA;COMERCIAL;1,04223E+13;CAJERO(A) 36 H;0;0;;;;;0;ENERO;2026
41029;VP SENIOR DE COMERCIAL;DIRECCION VENTAS BOGOTA;;031 TIENDA KOAJ CAFAM FLORESTA;COMERCIAL;1,0211E+13;COADMINISTRADOR(A) DE TIENDA;1;1;;;;;1;ENERO;2026
41029;VP SENIOR DE COMERCIAL;DIRECCION VENTAS BOGOTA;;031 TIENDA KOAJ CAFAM FLORESTA;COMERCIAL;1,04517E+13;STAFF COMERCIAL 36H;2;2;;;;;2;ENERO;2026
41029;VP SENIOR DE COMERCIAL;DIRECCION VENTAS BOGOTA;;031 TIENDA KOAJ CAFAM FLORESTA;COMERCIAL;1,04518E+13;STAFF COMERCIAL TC;3;3;;;;;3;ENERO;2026
41029;VP SENIOR DE COMERCIAL;DIRECCION VENTAS BOGOTA;;031 TIENDA KOAJ CAFAM FLORESTA;COMERCIAL;1,04222E+13;CAJERO(A) TC;2;2;;;;;2;ENERO;2026
42126;VP SENIOR DE COMERCIAL;DIRECCION VENTAS BOGOTA;;036 TIENDA KOAJ UNICENTRO BOGOTA;COMERCIAL;1,02058E+13;ADMINISTRADOR(A) DE TIENDA;1;1;;;;;1;ENERO;2026
42126;VP SENIOR DE COMERCIAL;DIRECCION VENTAS BOGOTA;;036 TIENDA KOAJ UNICENTRO BOGOTA;COMERCIAL;1,04223E+13;CAJERO(A) 36 H;1;1;;;;;1;ENERO;2026
42126;VP SENIOR DE COMERCIAL;DIRECCION VENTAS BOGOTA;;036 TIENDA KOAJ UNICENTRO BOGOTA;COMERCIAL;1,04222E+13;CAJERO(A) TC;2;2;;;;;2;ENERO;2026
42126;VP SENIOR DE COMERCIAL;DIRECCION VENTAS BOGOTA;;036 TIENDA KOAJ UNICENTRO BOGOTA;COMERCIAL;1,0211E+13;COADMINISTRADOR(A) DE TIENDA;1;1;;;;;1;ENERO;2026
42126;VP SENIOR DE COMERCIAL;DIRECCION VENTAS BOGOTA;;036 TIENDA KOAJ UNICENTRO BOGOTA;COMERCIAL;1,04517E+13;STAFF COMERCIAL 36H;4;4;;;;;4;ENERO;2026
42126;VP SENIOR DE COMERCIAL;DIRECCION VENTAS BOGOTA;;036 TIENDA KOAJ UNICENTRO BOGOTA;COMERCIAL;1,04518E+13;STAFF COMERCIAL TC;6;6;;;;;6;ENERO;2026
42135;VP SENIOR DE COMERCIAL;DIRECCION VENTAS BOGOTA;;037 TIENDA KOAJ CALLE 18 MONTEVIDEO;COMERCIAL;1,02058E+13;ADMINISTRADOR(A) DE TIENDA;1;1;;;;;1;ENERO;2026
42135;VP SENIOR DE COMERCIAL;DIRECCION VENTAS BOGOTA;;037 TIENDA KOAJ CALLE 18 MONTEVIDEO;COMERCIAL;1,04223E+13;CAJERO(A) 36 H;0;0;;;;;0;ENERO;2026
42135;VP SENIOR DE COMERCIAL;DIRECCION VENTAS BOGOTA;;037 TIENDA KOAJ CALLE 18 MONTEVIDEO;COMERCIAL;1,0211E+13;COADMINISTRADOR(A) DE TIENDA;1;1;;;;;1;ENERO;2026
42135;VP SENIOR DE COMERCIAL;DIRECCION VENTAS BOGOTA;;037 TIENDA KOAJ CALLE 18 MONTEVIDEO;COMERCIAL;1,04517E+13;STAFF COMERCIAL 36H;4;4;;;;;4;ENERO;2026
42135;VP SENIOR DE COMERCIAL;DIRECCION VENTAS BOGOTA;;037 TIENDA KOAJ CALLE 18 MONTEVIDEO;COMERCIAL;1,04518E+13;STAFF COMERCIAL TC;2;2;;;;;2;ENERO;2026
42135;VP SENIOR DE COMERCIAL;DIRECCION VENTAS BOGOTA;;037 TIENDA KOAJ CALLE 18 MONTEVIDEO;COMERCIAL;1,04222E+13;CAJERO(A) TC;2;2;;;;;2;ENERO;2026
42095;VP SENIOR DE COMERCIAL;DIRECCION VENTAS BOGOTA;;041 TIENDA KOAJ CRA 62 N;COMERCIAL;1,02058E+13;ADMINISTRADOR(A) DE TIENDA;2;2;;;;;2;ENERO;2026
42095;VP SENIOR DE COMERCIAL;DIRECCION VENTAS BOGOTA;;041 TIENDA KOAJ CRA 62 N;COMERCIAL;1,04223E+13;CAJERO(A) 36 H;4;4;;;;;4;ENERO;2026
42095;VP SENIOR DE COMERCIAL;DIRECCION VENTAS BOGOTA;;041 TIENDA KOAJ CRA 62 N;COMERCIAL;1,04222E+13;CAJERO(A) TC;5;5;;;;;5;ENERO;2026
42095;VP SENIOR DE COMERCIAL;DIRECCION VENTAS BOGOTA;;041 TIENDA KOAJ CRA 62 N;COMERCIAL;1,0211E+13;COADMINISTRADOR(A) DE TIENDA;0;0;;;;;0;ENERO;2026
42095;VP SENIOR DE COMERCIAL;DIRECCION VENTAS BOGOTA;;041 TIENDA KOAJ CRA 62 N;COMERCIAL;1,02502E+13;PARTNER COMERCIAL;1;1;;;;;1;ENERO;2026
42095;VP SENIOR DE COMERCIAL;DIRECCION VENTAS BOGOTA;;041 TIENDA KOAJ CRA 62 N;COMERCIAL;1,04517E+13;STAFF COMERCIAL 36H;10;10;1;;;;11;ENERO;2026
42095;VP SENIOR DE COMERCIAL;DIRECCION VENTAS BOGOTA;;041 TIENDA KOAJ CRA 62 N;COMERCIAL;1,04518E+13;STAFF COMERCIAL TC;15;15;;;;;15;ENERO;2026
42095;;;;041 TIENDA KOAJ CRA 62 N;COMERCIAL;1,04608E+13;VENDEDOR(A);7;7;;;;;;ENERO;2026
42096;VP SENIOR DE COMERCIAL;DIRECCION VENTAS BOGOTA;;042 TIENDA KOAJ CENTRO MAYOR;COMERCIAL;1,02058E+13;ADMINISTRADOR(A) DE TIENDA;2;2;;;;;2;ENERO;2026
42096;VP SENIOR DE COMERCIAL;DIRECCION VENTAS BOGOTA;;042 TIENDA KOAJ CENTRO MAYOR;COMERCIAL;1,04223E+13;CAJERO(A) 36 H;5;5;;;;;5;ENERO;2026
42096;VP SENIOR DE COMERCIAL;DIRECCION VENTAS BOGOTA;;042 TIENDA KOAJ CENTRO MAYOR;COMERCIAL;1,04222E+13;CAJERO(A) TC;5;5;;;;;5;ENERO;2026
42096;VP SENIOR DE COMERCIAL;DIRECCION VENTAS BOGOTA;;042 TIENDA KOAJ CENTRO MAYOR;COMERCIAL;1,0211E+13;COADMINISTRADOR(A) DE TIENDA;0;0;;;;;0;ENERO;2026
42096;VP SENIOR DE COMERCIAL;DIRECCION VENTAS BOGOTA;;042 TIENDA KOAJ CENTRO MAYOR;COMERCIAL;1,02502E+13;PARTNER COMERCIAL;1;1;;;;;1;ENERO;2026
42096;VP SENIOR DE COMERCIAL;DIRECCION VENTAS BOGOTA;;042 TIENDA KOAJ CENTRO MAYOR;COMERCIAL;1,04517E+13;STAFF COMERCIAL 36H;12;12;;;;;;ENERO;2026
42096;VP SENIOR DE COMERCIAL;DIRECCION VENTAS BOGOTA;;042 TIENDA KOAJ CENTRO MAYOR;COMERCIAL;1,04518E+13;STAFF COMERCIAL TC;18;18;1;;;;19;ENERO;2026
42260;VP SENIOR DE COMERCIAL;DIRECCION VENTAS BOGOTA;;544 TIENDA KOAJ CENTRO MAYOR II;COMERCIAL;1,02058E+13;ADMINISTRADOR(A) DE TIENDA;0;0;;;;;0;ENERO;2026
42096;;;;042 TIENDA KOAJ CENTRO MAYOR;COMERCIAL;1,04608E+13;VENDEDOR(A);5;8;;;;;;ENERO;2026
42131;VP SENIOR DE COMERCIAL;DIRECCION VENTAS BOGOTA;;054 TIENDA KOAJ CALIMA BOGOTA;COMERCIAL;1,02058E+13;ADMINISTRADOR(A) DE TIENDA;1;1;;;;;1;ENERO;2026
42131;VP SENIOR DE COMERCIAL;DIRECCION VENTAS BOGOTA;;054 TIENDA KOAJ CALIMA BOGOTA;COMERCIAL;1,04223E+13;CAJERO(A) 36 H;2;2;;;;;2;ENERO;2026
42131;VP SENIOR DE COMERCIAL;DIRECCION VENTAS BOGOTA;;054 TIENDA KOAJ CALIMA BOGOTA;COMERCIAL;1,04222E+13;CAJERO(A) TC;2;2;;;;;2;ENERO;2026
42131;VP SENIOR DE COMERCIAL;DIRECCION VENTAS BOGOTA;;054 TIENDA KOAJ CALIMA BOGOTA;COMERCIAL;1,0211E+13;COADMINISTRADOR(A) DE TIENDA;1;1;;;;;1;ENERO;2026
42131;VP SENIOR DE COMERCIAL;DIRECCION VENTAS BOGOTA;;054 TIENDA KOAJ CALIMA BOGOTA;COMERCIAL;1,02502E+13;PARTNER COMERCIAL;1;1;;;;;1;ENERO;2026
42131;VP SENIOR DE COMERCIAL;DIRECCION VENTAS BOGOTA;;054 TIENDA KOAJ CALIMA BOGOTA;COMERCIAL;1,04517E+13;STAFF COMERCIAL 36H;4;4;;;;;10;ENERO;2026
42131;VP SENIOR DE COMERCIAL;DIRECCION VENTAS BOGOTA;;054 TIENDA KOAJ CALIMA BOGOTA;COMERCIAL;1,04518E+13;STAFF COMERCIAL TC;7;7;;;;;7;ENERO;2026
42131;;;;054 TIENDA KOAJ CALIMA BOGOTA;COMERCIAL;1,04608E+13;VENDEDOR(A);3;4;;;;;;ENERO;2026
42138;VP SENIOR DE COMERCIAL;DIRECCION VENTAS BOGOTA;;056 TIENDA KOAJ DIVER PLAZA;COMERCIAL;1,02058E+13;ADMINISTRADOR(A) DE TIENDA;1;1;;;;;1;ENERO;2026
42138;VP SENIOR DE COMERCIAL;DIRECCION VENTAS BOGOTA;;056 TIENDA KOAJ DIVER PLAZA;COMERCIAL;1,04223E+13;CAJERO(A) 36 H;1;1;;;;;1;ENERO;2026
42138;VP SENIOR DE COMERCIAL;DIRECCION VENTAS BOGOTA;;056 TIENDA KOAJ DIVER PLAZA;COMERCIAL;1,04222E+13;CAJERO(A) TC;2;2;;;;;2;ENERO;2026
42138;VP SENIOR DE COMERCIAL;DIRECCION VENTAS BOGOTA;;056 TIENDA KOAJ DIVER PLAZA;COMERCIAL;1,0211E+13;COADMINISTRADOR(A) DE TIENDA;1;1;;;;;1;ENERO;2026
42138;VP SENIOR DE COMERCIAL;DIRECCION VENTAS BOGOTA;;056 TIENDA KOAJ DIVER PLAZA;COMERCIAL;1,04517E+13;STAFF COMERCIAL 36H;3;3;;;;;7;ENERO;2026
42138;VP SENIOR DE COMERCIAL;DIRECCION VENTAS BOGOTA;;056 TIENDA KOAJ DIVER PLAZA;COMERCIAL;1,04518E+13;STAFF COMERCIAL TC;7;7;;;;;7;ENERO;2026
42138;VP SENIOR DE COMERCIAL;DIRECCION VENTAS BOGOTA;;056 TIENDA KOAJ DIVER PLAZA;COMERCIAL;1,02502E+13;PARTNER COMERCIAL;0;0;;;;;1;ENERO;2026
42146;VP SENIOR DE COMERCIAL;DIRECCION VENTAS BOGOTA;;060 TIENDA KOAJ CHAPINERO;COMERCIAL;1,02058E+13;ADMINISTRADOR(A) DE TIENDA;1;1;;;;;1;ENERO;2026
42146;VP SENIOR DE COMERCIAL;DIRECCION VENTAS BOGOTA;;060 TIENDA KOAJ CHAPINERO;COMERCIAL;1,04223E+13;CAJERO(A) 36 H;1;1;;;;;1;ENERO;2026
42146;VP SENIOR DE COMERCIAL;DIRECCION VENTAS BOGOTA;;060 TIENDA KOAJ CHAPINERO;COMERCIAL;1,04222E+13;CAJERO(A) TC;2;2;;;;;2;ENERO;2026
42146;VP SENIOR DE COMERCIAL;DIRECCION VENTAS BOGOTA;;060 TIENDA KOAJ CHAPINERO;COMERCIAL;1,0211E+13;COADMINISTRADOR(A) DE TIENDA;1;1;;;;;1;ENERO;2026
42146;VP SENIOR DE COMERCIAL;DIRECCION VENTAS BOGOTA;;060 TIENDA KOAJ CHAPINERO;COMERCIAL;1,04517E+13;STAFF COMERCIAL 36H;4;4;;;;;6;ENERO;2026
42146;VP SENIOR DE COMERCIAL;DIRECCION VENTAS BOGOTA;;060 TIENDA KOAJ CHAPINERO;COMERCIAL;1,04518E+13;STAFF COMERCIAL TC;6;6;;;;;6;ENERO;2026
42162;VP SENIOR DE COMERCIAL;DIRECCION VENTAS BOGOTA;;068  TIENDA KOAJ HAYUELOS;COMERCIAL;1,02058E+13;ADMINISTRADOR(A) DE TIENDA;1;1;;;;;1;ENERO;2026
42162;VP SENIOR DE COMERCIAL;DIRECCION VENTAS BOGOTA;;068  TIENDA KOAJ HAYUELOS;COMERCIAL;1,04223E+13;CAJERO(A) 36 H;1;1;;;;;2;ENERO;2026
42162;VP SENIOR DE COMERCIAL;DIRECCION VENTAS BOGOTA;;068  TIENDA KOAJ HAYUELOS;COMERCIAL;1,04222E+13;CAJERO(A) TC;2;2;;;;;2;ENERO;2026
42162;VP SENIOR DE COMERCIAL;DIRECCION VENTAS BOGOTA;;068  TIENDA KOAJ HAYUELOS;COMERCIAL;1,0211E+13;COADMINISTRADOR(A) DE TIENDA;1;1;;;;;1;ENERO;2026
42162;VP SENIOR DE COMERCIAL;DIRECCION VENTAS BOGOTA;;068  TIENDA KOAJ HAYUELOS;COMERCIAL;1,04517E+13;STAFF COMERCIAL 36H;4;4;;;;;7;ENERO;2026
42162;VP SENIOR DE COMERCIAL;DIRECCION VENTAS BOGOTA;;068  TIENDA KOAJ HAYUELOS;COMERCIAL;1,04518E+13;STAFF COMERCIAL TC;6;6;1;;;;7;ENERO;2026
42162;VP SENIOR DE COMERCIAL;DIRECCION VENTAS BOGOTA;;068  TIENDA KOAJ HAYUELOS;COMERCIAL;1,02502E+13;PARTNER COMERCIAL;0;0;;;;;1;ENERO;2026
42170;VP SENIOR DE COMERCIAL;DIRECCION VENTAS BOGOTA;;070 TIENDA KOAJ TINTAL;COMERCIAL;1,02058E+13;ADMINISTRADOR(A) DE TIENDA;1;1;;;;;1;ENERO;2026
42170;VP SENIOR DE COMERCIAL;DIRECCION VENTAS BOGOTA;;070 TIENDA KOAJ TINTAL;COMERCIAL;1,04223E+13;CAJERO(A) 36 H;2;2;1;;;;3;ENERO;2026
42170;VP SENIOR DE COMERCIAL;DIRECCION VENTAS BOGOTA;;070 TIENDA KOAJ TINTAL;COMERCIAL;1,04222E+13;CAJERO(A) TC;3;3;;;;;3;ENERO;2026
42170;VP SENIOR DE COMERCIAL;DIRECCION VENTAS BOGOTA;;070 TIENDA KOAJ TINTAL;COMERCIAL;1,0211E+13;COADMINISTRADOR(A) DE TIENDA;1;1;;;;;1;ENERO;2026
42170;VP SENIOR DE COMERCIAL;DIRECCION VENTAS BOGOTA;;070 TIENDA KOAJ TINTAL;COMERCIAL;1,02502E+13;PARTNER COMERCIAL;1;1;;;;;1;ENERO;2026
42170;VP SENIOR DE COMERCIAL;DIRECCION VENTAS BOGOTA;;070 TIENDA KOAJ TINTAL;COMERCIAL;1,04517E+13;STAFF COMERCIAL 36H;2;6;;;;;10;ENERO;2026
42170;VP SENIOR DE COMERCIAL;DIRECCION VENTAS BOGOTA;;070 TIENDA KOAJ TINTAL;COMERCIAL;1,04518E+13;STAFF COMERCIAL TC;11;7;;;;;11;ENERO;2026
42167;VP SENIOR DE COMERCIAL;DIRECCION VENTAS BOGOTA;;073 TIENDA URBANA MICENTRO - EL PORVEN;COMERCIAL;1,02058E+13;ADMINISTRADOR(A) DE TIENDA;1;1;;;;;1;ENERO;2026
42167;VP SENIOR DE COMERCIAL;DIRECCION VENTAS BOGOTA;;073 TIENDA URBANA MICENTRO - EL PORVEN;COMERCIAL;1,04223E+13;CAJERO(A) 36 H;1;1;;;;;2;ENERO;2026
42167;VP SENIOR DE COMERCIAL;DIRECCION VENTAS BOGOTA;;073 TIENDA URBANA MICENTRO - EL PORVEN;COMERCIAL;1,04222E+13;CAJERO(A) TC;2;2;;;;;2;ENERO;2026
42167;VP SENIOR DE COMERCIAL;DIRECCION VENTAS BOGOTA;;073 TIENDA URBANA MICENTRO - EL PORVEN;COMERCIAL;1,0211E+13;COADMINISTRADOR(A) DE TIENDA;1;1;;;;;1;ENERO;2026
42167;VP SENIOR DE COMERCIAL;DIRECCION VENTAS BOGOTA;;073 TIENDA URBANA MICENTRO - EL PORVEN;COMERCIAL;1,04517E+13;STAFF COMERCIAL 36H;8;8;;;;;8;ENERO;2026
42167;VP SENIOR DE COMERCIAL;DIRECCION VENTAS BOGOTA;;073 TIENDA URBANA MICENTRO - EL PORVEN;COMERCIAL;1,04518E+13;STAFF COMERCIAL TC;3;3;;;;;3;ENERO;2026
42167;VP SENIOR DE COMERCIAL;DIRECCION VENTAS BOGOTA;;073 TIENDA URBANA MICENTRO - EL PORVEN;COMERCIAL;1,02502E+13;PARTNER COMERCIAL;0;0;;;;;1;ENERO;2026
42184;VP SENIOR DE COMERCIAL;DIRECCION VENTAS BOGOTA;;076 TIENDA KOAJ SANTAFE 1;COMERCIAL;1,02058E+13;ADMINISTRADOR(A) DE TIENDA;2;2;;;;;1;ENERO;2026
42184;VP SENIOR DE COMERCIAL;DIRECCION VENTAS BOGOTA;;076 TIENDA KOAJ SANTAFE 1;COMERCIAL;1,04223E+13;CAJERO(A) 36 H;1;1;;;;;2;ENERO;2026
42184;VP SENIOR DE COMERCIAL;DIRECCION VENTAS BOGOTA;;076 TIENDA KOAJ SANTAFE 1;COMERCIAL;1,04222E+13;CAJERO(A) TC;3;3;;;;;3;ENERO;2026
42184;VP SENIOR DE COMERCIAL;DIRECCION VENTAS BOGOTA;;076 TIENDA KOAJ SANTAFE 1;COMERCIAL;1,0211E+13;COADMINISTRADOR(A) DE TIENDA;0;0;;;;;1;ENERO;2026
42184;VP SENIOR DE COMERCIAL;DIRECCION VENTAS BOGOTA;;076 TIENDA KOAJ SANTAFE 1;COMERCIAL;1,02502E+13;PARTNER COMERCIAL;1;1;;;;;1;ENERO;2026
42184;VP SENIOR DE COMERCIAL;DIRECCION VENTAS BOGOTA;;076 TIENDA KOAJ SANTAFE 1;COMERCIAL;1,04517E+13;STAFF COMERCIAL 36H;5;6;;;;;13;ENERO;2026
42184;VP SENIOR DE COMERCIAL;DIRECCION VENTAS BOGOTA;;076 TIENDA KOAJ SANTAFE 1;COMERCIAL;1,04518E+13;STAFF COMERCIAL TC;8;8;;;;;8;ENERO;2026
42184;;;;076 TIENDA KOAJ SANTAFE 1;COMERCIAL;1,04608E+13;VENDEDOR(A);1;4;;;;;;ENERO;2026
42194;VP SENIOR DE COMERCIAL;DIRECCION VENTAS BOGOTA;;079 TIENDA KOAJ PLAZA DE LAS AMERICAS 1;COMERCIAL;1,02058E+13;ADMINISTRADOR(A) DE TIENDA;1;1;;;;;1;ENERO;2026
42194;VP SENIOR DE COMERCIAL;DIRECCION VENTAS BOGOTA;;079 TIENDA KOAJ PLAZA DE LAS AMERICAS 1;COMERCIAL;1,04223E+13;CAJERO(A) 36 H;2;2;;;;;3;ENERO;2026
42194;VP SENIOR DE COMERCIAL;DIRECCION VENTAS BOGOTA;;079 TIENDA KOAJ PLAZA DE LAS AMERICAS 1;COMERCIAL;1,04222E+13;CAJERO(A) TC;2;2;1;;;;3;ENERO;2026
42194;VP SENIOR DE COMERCIAL;DIRECCION VENTAS BOGOTA;;079 TIENDA KOAJ PLAZA DE LAS AMERICAS 1;COMERCIAL;1,0211E+13;COADMINISTRADOR(A) DE TIENDA;1;1;;;;;1;ENERO;2026
42194;VP SENIOR DE COMERCIAL;DIRECCION VENTAS BOGOTA;;079 TIENDA KOAJ PLAZA DE LAS AMERICAS 1;COMERCIAL;1,02502E+13;PARTNER COMERCIAL;1;1;;;;;1;ENERO;2026
42194;VP SENIOR DE COMERCIAL;DIRECCION VENTAS BOGOTA;;079 TIENDA KOAJ PLAZA DE LAS AMERICAS 1;COMERCIAL;1,04517E+13;STAFF COMERCIAL 36H;6;6;;;;;9;ENERO;2026
42194;VP SENIOR DE COMERCIAL;DIRECCION VENTAS BOGOTA;;079 TIENDA KOAJ PLAZA DE LAS AMERICAS 1;COMERCIAL;1,04518E+13;STAFF COMERCIAL TC;7;7;;;;;7;ENERO;2026
42168;VP SENIOR DE COMERCIAL;DIRECCION VENTAS BOGOTA;;081 TIENDA KOAJ K-60;COMERCIAL;1,02058E+13;ADMINISTRADOR(A) DE TIENDA;2;2;;;;;1;ENERO;2026
42168;VP SENIOR DE COMERCIAL;DIRECCION VENTAS BOGOTA;;081 TIENDA KOAJ K-60;COMERCIAL;1,04223E+13;CAJERO(A) 36 H;4;4;;;;;6;ENERO;2026
42168;VP SENIOR DE COMERCIAL;DIRECCION VENTAS BOGOTA;;081 TIENDA KOAJ K-60;COMERCIAL;1,04222E+13;CAJERO(A) TC;4;4;;;;;4;ENERO;2026
42168;VP SENIOR DE COMERCIAL;DIRECCION VENTAS BOGOTA;;081 TIENDA KOAJ K-60;COMERCIAL;1,0211E+13;COADMINISTRADOR(A) DE TIENDA;0;0;;;;;1;ENERO;2026
42168;VP SENIOR DE COMERCIAL;DIRECCION VENTAS BOGOTA;;081 TIENDA KOAJ K-60;COMERCIAL;1,02502E+13;PARTNER COMERCIAL;1;1;;;;;1;ENERO;2026
42168;VP SENIOR DE COMERCIAL;DIRECCION VENTAS BOGOTA;;081 TIENDA KOAJ K-60;COMERCIAL;1,04517E+13;STAFF COMERCIAL 36H;11;11;;;;;25;ENERO;2026
42168;VP SENIOR DE COMERCIAL;DIRECCION VENTAS BOGOTA;;081 TIENDA KOAJ K-60;COMERCIAL;1,04518E+13;STAFF COMERCIAL TC;17;17;;;;;17;ENERO;2026
42168;;;;081 TIENDA KOAJ K-60;COMERCIAL;1,04608E+13;VENDEDOR(A);4;7;;;;;;ENERO;2026
42198;VP SENIOR DE COMERCIAL;DIRECCION VENTAS BOGOTA;;083 TIENDA KOAJ CENTRO BOGOTA;COMERCIAL;1,02058E+13;ADMINISTRADOR(A) DE TIENDA;1;1;;;;;1;ENERO;2026
42198;VP SENIOR DE COMERCIAL;DIRECCION VENTAS BOGOTA;;083 TIENDA KOAJ CENTRO BOGOTA;COMERCIAL;1,04223E+13;CAJERO(A) 36 H;1;1;;;;;2;ENERO;2026
42198;VP SENIOR DE COMERCIAL;DIRECCION VENTAS BOGOTA;;083 TIENDA KOAJ CENTRO BOGOTA;COMERCIAL;1,04222E+13;CAJERO(A) TC;2;2;;;;;2;ENERO;2026
42198;VP SENIOR DE COMERCIAL;DIRECCION VENTAS BOGOTA;;083 TIENDA KOAJ CENTRO BOGOTA;COMERCIAL;1,0211E+13;COADMINISTRADOR(A) DE TIENDA;1;1;;;;;1;ENERO;2026
42198;VP SENIOR DE COMERCIAL;DIRECCION VENTAS BOGOTA;;083 TIENDA KOAJ CENTRO BOGOTA;COMERCIAL;1,04517E+13;STAFF COMERCIAL 36H;5;5;;;;;8;ENERO;2026
42198;VP SENIOR DE COMERCIAL;DIRECCION VENTAS BOGOTA;;083 TIENDA KOAJ CENTRO BOGOTA;COMERCIAL;1,04518E+13;STAFF COMERCIAL TC;7;7;;;;;7;ENERO;2026
42198;VP SENIOR DE COMERCIAL;DIRECCION VENTAS BOGOTA;;083 TIENDA KOAJ CENTRO BOGOTA;COMERCIAL;1,02502E+13;PARTNER COMERCIAL;0;1;;;;;1;ENERO;2026
42216;VP SENIOR DE COMERCIAL;DIRECCION VENTAS BOGOTA;;086 TIENDA KOAJ KENNEDY 1;COMERCIAL;1,02058E+13;ADMINISTRADOR(A) DE TIENDA;1;1;;;;;1;ENERO;2026
42216;VP SENIOR DE COMERCIAL;DIRECCION VENTAS BOGOTA;;086 TIENDA KOAJ KENNEDY 1;COMERCIAL;1,04223E+13;CAJERO(A) 36 H;1;1;;;;;1;ENERO;2026
42216;VP SENIOR DE COMERCIAL;DIRECCION VENTAS BOGOTA;;086 TIENDA KOAJ KENNEDY 1;COMERCIAL;1,04222E+13;CAJERO(A) TC;2;2;;;;;2;ENERO;2026
42216;VP SENIOR DE COMERCIAL;DIRECCION VENTAS BOGOTA;;086 TIENDA KOAJ KENNEDY 1;COMERCIAL;1,0211E+13;COADMINISTRADOR(A) DE TIENDA;1;1;;;;;1;ENERO;2026
42216;VP SENIOR DE COMERCIAL;DIRECCION VENTAS BOGOTA;;086 TIENDA KOAJ KENNEDY 1;COMERCIAL;1,04517E+13;STAFF COMERCIAL 36H;6;6;;;;;6;ENERO;2026
42216;VP SENIOR DE COMERCIAL;DIRECCION VENTAS BOGOTA;;086 TIENDA KOAJ KENNEDY 1;COMERCIAL;1,04518E+13;STAFF COMERCIAL TC;2;2;;;;;2;ENERO;2026
42219;VP SENIOR DE COMERCIAL;DIRECCION VENTAS BOGOTA;;087 TIENDA KOAJ SANTAFE 2;COMERCIAL;1,02058E+13;ADMINISTRADOR(A) DE TIENDA;0;0;;;;;1;ENERO;2026
42219;VP SENIOR DE COMERCIAL;DIRECCION VENTAS BOGOTA;;087 TIENDA KOAJ SANTAFE 2;COMERCIAL;1,04223E+13;CAJERO(A) 36 H;2;2;;;;;1;ENERO;2026
42219;VP SENIOR DE COMERCIAL;DIRECCION VENTAS BOGOTA;;087 TIENDA KOAJ SANTAFE 2;COMERCIAL;1,0211E+13;COADMINISTRADOR(A) DE TIENDA;1;1;;;;;1;ENERO;2026
42219;VP SENIOR DE COMERCIAL;DIRECCION VENTAS BOGOTA;;087 TIENDA KOAJ SANTAFE 2;COMERCIAL;1,04517E+13;STAFF COMERCIAL 36H;2;2;;;;;5;ENERO;2026
42219;VP SENIOR DE COMERCIAL;DIRECCION VENTAS BOGOTA;;087 TIENDA KOAJ SANTAFE 2;COMERCIAL;1,04518E+13;STAFF COMERCIAL TC;4;4;;;;;4;ENERO;2026
42219;VP SENIOR DE COMERCIAL;DIRECCION VENTAS BOGOTA;;087 TIENDA KOAJ SANTAFE 2                                                           ;COMERCIAL;1,04222E+13;CAJERO(A) TC;1;1;;;;;1;ENERO;2026
42219;VP SENIOR DE COMERCIAL;DIRECCION VENTAS BOGOTA;;087 TIENDA KOAJ SANTAFE 2;COMERCIAL;1,02502E+13;PARTNER COMERCIAL;1;1;;;;;0;ENERO;2026
42224;VP SENIOR DE COMERCIAL;DIRECCION VENTAS BOGOTA;;090 TIENDA KOAJ KENNEDY 2;COMERCIAL;1,02058E+13;ADMINISTRADOR(A) DE TIENDA;1;1;;;;;1;ENERO;2026
42224;VP SENIOR DE COMERCIAL;DIRECCION VENTAS BOGOTA;;090 TIENDA KOAJ KENNEDY 2;COMERCIAL;1,04222E+13;CAJERO(A) TC;2;2;;;;;2;ENERO;2026
42224;VP SENIOR DE COMERCIAL;DIRECCION VENTAS BOGOTA;;090 TIENDA KOAJ KENNEDY 2;COMERCIAL;1,0211E+13;COADMINISTRADOR(A) DE TIENDA;1;1;;;;;1;ENERO;2026
42224;VP SENIOR DE COMERCIAL;DIRECCION VENTAS BOGOTA;;090 TIENDA KOAJ KENNEDY 2;COMERCIAL;1,04517E+13;STAFF COMERCIAL 36H;4;7;;;;;7;ENERO;2026
42224;VP SENIOR DE COMERCIAL;DIRECCION VENTAS BOGOTA;;090 TIENDA KOAJ KENNEDY 2;COMERCIAL;1,04518E+13;STAFF COMERCIAL TC;3;3;;;;;3;ENERO;2026
42224;VP SENIOR DE COMERCIAL;DIRECCION VENTAS BOGOTA;;090 TIENDA KOAJ KENNEDY 2;COMERCIAL;1,04607E+13;CAJERO(A) 42 H;0;0;ACTIVO 1;;;;;ENERO;2026
42224;VP SENIOR DE COMERCIAL;DIRECCION VENTAS BOGOTA;;090 TIENDA KOAJ KENNEDY 2                                                          ;COMERCIAL;1,04223E+13;CAJERO(A) 36 H;2;2;;;;;2;ENERO;2026
42224;VP SENIOR DE COMERCIAL;DIRECCION VENTAS BOGOTA;;090 TIENDA KOAJ KENNEDY 2;COMERCIAL;1,02502E+13;PARTNER COMERCIAL;1;1;;;;;1;ENERO;2026
42227;VP SENIOR DE COMERCIAL;DIRECCION VENTAS BOGOTA;;092 TIENDA KOAJ COLINA;COMERCIAL;1,02058E+13;ADMINISTRADOR(A) DE TIENDA;1;1;;;;;1;ENERO;2026
42227;VP SENIOR DE COMERCIAL;DIRECCION VENTAS BOGOTA;;092 TIENDA KOAJ COLINA;COMERCIAL;1,04223E+13;CAJERO(A) 36 H;1;1;;;;;1;ENERO;2026
42227;VP SENIOR DE COMERCIAL;DIRECCION VENTAS BOGOTA;;092 TIENDA KOAJ COLINA;COMERCIAL;1,04222E+13;CAJERO(A) TC;2;2;;;;;2;ENERO;2026
42227;VP SENIOR DE COMERCIAL;DIRECCION VENTAS BOGOTA;;092 TIENDA KOAJ COLINA;COMERCIAL;1,0211E+13;COADMINISTRADOR(A) DE TIENDA;1;1;;;;;1;ENERO;2026
42227;VP SENIOR DE COMERCIAL;DIRECCION VENTAS BOGOTA;;092 TIENDA KOAJ COLINA;COMERCIAL;1,04517E+13;STAFF COMERCIAL 36H;2;3;;;;;;ENERO;2026
42227;VP SENIOR DE COMERCIAL;DIRECCION VENTAS BOGOTA;;092 TIENDA KOAJ COLINA;COMERCIAL;1,04518E+13;STAFF COMERCIAL TC;5;5;;;;;5;ENERO;2026
42229;VP SENIOR DE COMERCIAL;DIRECCION VENTAS BOGOTA;;093 TIENDA KOAJ SALITRE N;COMERCIAL;1,02058E+13;ADMINISTRADOR(A) DE TIENDA;1;1;;;;;1;ENERO;2026
42229;VP SENIOR DE COMERCIAL;DIRECCION VENTAS BOGOTA;;093 TIENDA KOAJ SALITRE N;COMERCIAL;1,04222E+13;CAJERO(A) TC;2;2;;;;;2;ENERO;2026
42229;VP SENIOR DE COMERCIAL;DIRECCION VENTAS BOGOTA;;093 TIENDA KOAJ SALITRE N;COMERCIAL;1,0211E+13;COADMINISTRADOR(A) DE TIENDA;1;1;;;;;1;ENERO;2026
42229;VP SENIOR DE COMERCIAL;DIRECCION VENTAS BOGOTA;;093 TIENDA KOAJ SALITRE N;COMERCIAL;1,04517E+13;STAFF COMERCIAL 36H;4;4;;;;;4;ENERO;2026
42229;VP SENIOR DE COMERCIAL;DIRECCION VENTAS BOGOTA;;093 TIENDA KOAJ SALITRE N;COMERCIAL;1,04518E+13;STAFF COMERCIAL TC;7;7;;;;;7;ENERO;2026
42229;VP SENIOR DE COMERCIAL;DIRECCION VENTAS BOGOTA;;093 TIENDA KOAJ SALITRE N;COMERCIAL;1,04223E+13;CAJERO(A) 36 H;1;1;;;;;1;ENERO;2026
42195;VP SENIOR DE COMERCIAL;DIRECCION VENTAS BOGOTA;;178 TIENDA KOAJ PLAZA DE LAS AMERICAS 2;COMERCIAL;1,04341E+13;ASESOR(A) DE VENTAS 36 H;0;0;;;;;0;ENERO;2026
42235;VP SENIOR DE COMERCIAL;DIRECCION VENTAS BOGOTA;;094 TIENDA KOAJ GRAN PLAZA BOSA;COMERCIAL;1,02058E+13;ADMINISTRADOR(A) DE TIENDA;1;1;;;;;1;ENERO;2026
42235;VP SENIOR DE COMERCIAL;DIRECCION VENTAS BOGOTA;;094 TIENDA KOAJ GRAN PLAZA BOSA;COMERCIAL;1,04223E+13;CAJERO(A) 36 H;2;2;;;;;2;ENERO;2026
42235;VP SENIOR DE COMERCIAL;DIRECCION VENTAS BOGOTA;;094 TIENDA KOAJ GRAN PLAZA BOSA;COMERCIAL;1,04222E+13;CAJERO(A) TC;2;2;;;;;2;ENERO;2026
42235;VP SENIOR DE COMERCIAL;DIRECCION VENTAS BOGOTA;;094 TIENDA KOAJ GRAN PLAZA BOSA;COMERCIAL;1,0211E+13;COADMINISTRADOR(A) DE TIENDA;1;1;;;;;1;ENERO;2026
42235;VP SENIOR DE COMERCIAL;DIRECCION VENTAS BOGOTA;;094 TIENDA KOAJ GRAN PLAZA BOSA;COMERCIAL;1,04517E+13;STAFF COMERCIAL 36H;8;8;;;;;8;ENERO;2026
42235;VP SENIOR DE COMERCIAL;DIRECCION VENTAS BOGOTA;;094 TIENDA KOAJ GRAN PLAZA BOSA;COMERCIAL;1,04518E+13;STAFF COMERCIAL TC;3;3;;;;;3;ENERO;2026
42235;VP SENIOR DE COMERCIAL;DIRECCION VENTAS BOGOTA;;094 TIENDA KOAJ GRAN PLAZA BOSA;COMERCIAL;1,02502E+13;PARTNER COMERCIAL;0;0;;;;;1;ENERO;2026
42237;VP SENIOR DE COMERCIAL;DIRECCION VENTAS BOGOTA;;095 TIENDA KOAJ 20 DE JULIO;COMERCIAL;1,02058E+13;ADMINISTRADOR(A) DE TIENDA;1;1;;;;;1;ENERO;2026
42237;VP SENIOR DE COMERCIAL;DIRECCION VENTAS BOGOTA;;095 TIENDA KOAJ 20 DE JULIO;COMERCIAL;1,04223E+13;CAJERO(A) 36 H;1;1;;;;;1;ENERO;2026
42237;VP SENIOR DE COMERCIAL;DIRECCION VENTAS BOGOTA;;095 TIENDA KOAJ 20 DE JULIO;COMERCIAL;1,04222E+13;CAJERO(A) TC;2;2;;;;;2;ENERO;2026
42237;VP SENIOR DE COMERCIAL;DIRECCION VENTAS BOGOTA;;095 TIENDA KOAJ 20 DE JULIO;COMERCIAL;1,0211E+13;COADMINISTRADOR(A) DE TIENDA;1;1;;;;;1;ENERO;2026
42237;VP SENIOR DE COMERCIAL;DIRECCION VENTAS BOGOTA;;095 TIENDA KOAJ 20 DE JULIO;COMERCIAL;1,04517E+13;STAFF COMERCIAL 36H;6;6;;;;;7;ENERO;2026
42237;VP SENIOR DE COMERCIAL;DIRECCION VENTAS BOGOTA;;095 TIENDA KOAJ 20 DE JULIO;COMERCIAL;1,04518E+13;STAFF COMERCIAL TC;4;4;;;;;4;ENERO;2026
42240;VP SENIOR DE COMERCIAL;DIRECCION VENTAS BOGOTA;;096 TIENDA KOAJ LA VICTORIA;COMERCIAL;1,02058E+13;ADMINISTRADOR(A) DE TIENDA;1;1;;;;;1;ENERO;2026
42240;VP SENIOR DE COMERCIAL;DIRECCION VENTAS BOGOTA;;096 TIENDA KOAJ LA VICTORIA;COMERCIAL;1,04223E+13;CAJERO(A) 36 H;1;1;1;;;;2;ENERO;2026
42195;VP SENIOR DE COMERCIAL;DIRECCION VENTAS BOGOTA;;178 TIENDA KOAJ PLAZA DE LAS AMERICAS 2;COMERCIAL;1,04275E+13;ASESOR(A) DE VENTAS 48 H;0;0;;;;;0;ENERO;2026
42240;VP SENIOR DE COMERCIAL;DIRECCION VENTAS BOGOTA;;096 TIENDA KOAJ LA VICTORIA;COMERCIAL;1,0211E+13;COADMINISTRADOR(A) DE TIENDA;1;1;;;;;1;ENERO;2026
42240;VP SENIOR DE COMERCIAL;DIRECCION VENTAS BOGOTA;;096 TIENDA KOAJ LA VICTORIA;COMERCIAL;1,04517E+13;STAFF COMERCIAL 36H;4;4;;;;;6;ENERO;2026
42240;VP SENIOR DE COMERCIAL;DIRECCION VENTAS BOGOTA;;096 TIENDA KOAJ LA VICTORIA;COMERCIAL;1,04518E+13;STAFF COMERCIAL TC;6;6;;;;;6;ENERO;2026
42241;VP SENIOR DE COMERCIAL;DIRECCION VENTAS BOGOTA;;097 TIENDA KOAJ GRAN PLAZA ENSUEÑO;COMERCIAL;1,02058E+13;ADMINISTRADOR(A) DE TIENDA;1;1;;;;;1;ENERO;2026
42241;VP SENIOR DE COMERCIAL;DIRECCION VENTAS BOGOTA;;097 TIENDA KOAJ GRAN PLAZA ENSUEÑO;COMERCIAL;1,04222E+13;CAJERO(A) TC;2;2;;;;;2;ENERO;2026
42241;VP SENIOR DE COMERCIAL;DIRECCION VENTAS BOGOTA;;097 TIENDA KOAJ GRAN PLAZA ENSUEÑO;COMERCIAL;1,0211E+13;COADMINISTRADOR(A) DE TIENDA;1;1;;;;;1;ENERO;2026
42241;VP SENIOR DE COMERCIAL;DIRECCION VENTAS BOGOTA;;097 TIENDA KOAJ GRAN PLAZA ENSUEÑO;COMERCIAL;1,02502E+13;PARTNER COMERCIAL;1;1;;;;;1;ENERO;2026
42241;VP SENIOR DE COMERCIAL;DIRECCION VENTAS BOGOTA;;097 TIENDA KOAJ GRAN PLAZA ENSUEÑO;COMERCIAL;1,04517E+13;STAFF COMERCIAL 36H;9;9;;;;;9;ENERO;2026
42241;VP SENIOR DE COMERCIAL;DIRECCION VENTAS BOGOTA;;097 TIENDA KOAJ GRAN PLAZA ENSUEÑO;COMERCIAL;1,04518E+13;STAFF COMERCIAL TC;5;5;2;;;;7;ENERO;2026
42241;VP SENIOR DE COMERCIAL;DIRECCION VENTAS BOGOTA;;097 TIENDA KOAJ GRAN PLAZA ENSUEÑO;COMERCIAL;1,04223E+13;CAJERO(A) 36 H;2;2;;;;;2;ENERO;2026
42243;VP SENIOR DE COMERCIAL;DIRECCION VENTAS BOGOTA;;098 TIENDA KOAJ ALAMOS;COMERCIAL;1,02058E+13;ADMINISTRADOR(A) DE TIENDA;1;1;;;;;1;ENERO;2026
42243;VP SENIOR DE COMERCIAL;DIRECCION VENTAS BOGOTA;;098 TIENDA KOAJ ALAMOS;COMERCIAL;1,04222E+13;CAJERO(A) TC;2;2;;;;;2;ENERO;2026
42243;VP SENIOR DE COMERCIAL;DIRECCION VENTAS BOGOTA;;098 TIENDA KOAJ ALAMOS;COMERCIAL;1,0211E+13;COADMINISTRADOR(A) DE TIENDA;1;1;;;;;1;ENERO;2026
42243;VP SENIOR DE COMERCIAL;DIRECCION VENTAS BOGOTA;;098 TIENDA KOAJ ALAMOS;COMERCIAL;1,04517E+13;STAFF COMERCIAL 36H;6;6;;;;;6;ENERO;2026
42243;VP SENIOR DE COMERCIAL;DIRECCION VENTAS BOGOTA;;098 TIENDA KOAJ ALAMOS;COMERCIAL;1,04518E+13;STAFF COMERCIAL TC;2;2;1;;;;3;ENERO;2026
42243;VP SENIOR DE COMERCIAL;DIRECCION VENTAS BOGOTA;;098 TIENDA KOAJ ALAMOS                                                               ;COMERCIAL;1,04223E+13;CAJERO(A) 36 H;1;1;;;;;1;ENERO;2026
42244;VP SENIOR DE COMERCIAL;DIRECCION VENTAS BOGOTA;;099 TIENDA KOAJ SANTA LIBRADA;COMERCIAL;1,02058E+13;ADMINISTRADOR(A) DE TIENDA;1;1;;;;;1;ENERO;2026
42244;VP SENIOR DE COMERCIAL;DIRECCION VENTAS BOGOTA;;099 TIENDA KOAJ SANTA LIBRADA;COMERCIAL;1,04275E+13;ASESOR(A) DE VENTAS 48 H;0;0;;;;;0;ENERO;2026
42244;VP SENIOR DE COMERCIAL;DIRECCION VENTAS BOGOTA;;099 TIENDA KOAJ SANTA LIBRADA;COMERCIAL;1,04223E+13;CAJERO(A) 36 H;1;1;;;;;1;ENERO;2026
42244;VP SENIOR DE COMERCIAL;DIRECCION VENTAS BOGOTA;;099 TIENDA KOAJ SANTA LIBRADA;COMERCIAL;1,04222E+13;CAJERO(A) TC;2;2;;;;;2;ENERO;2026
42244;VP SENIOR DE COMERCIAL;DIRECCION VENTAS BOGOTA;;099 TIENDA KOAJ SANTA LIBRADA;COMERCIAL;1,0211E+13;COADMINISTRADOR(A) DE TIENDA;1;1;;;;;1;ENERO;2026
42244;VP SENIOR DE COMERCIAL;DIRECCION VENTAS BOGOTA;;099 TIENDA KOAJ SANTA LIBRADA;COMERCIAL;1,04517E+13;STAFF COMERCIAL 36H;6;6;;;;;7;ENERO;2026
42244;VP SENIOR DE COMERCIAL;DIRECCION VENTAS BOGOTA;;099 TIENDA KOAJ SANTA LIBRADA;COMERCIAL;1,04518E+13;STAFF COMERCIAL TC;4;4;1;;;;5;ENERO;2026
42246;VP SENIOR DE COMERCIAL;DIRECCION VENTAS BOGOTA;;100 TIENDA KOAJ CARRERA DECIMA;COMERCIAL;1,02058E+13;ADMINISTRADOR(A) DE TIENDA;1;1;;;;;1;ENERO;2026
42246;VP SENIOR DE COMERCIAL;DIRECCION VENTAS BOGOTA;;100 TIENDA KOAJ CARRERA DECIMA;COMERCIAL;1,04223E+13;CAJERO(A) 36 H;1;1;;;;;1;ENERO;2026
42246;VP SENIOR DE COMERCIAL;DIRECCION VENTAS BOGOTA;;100 TIENDA KOAJ CARRERA DECIMA;COMERCIAL;1,04222E+13;CAJERO(A) TC;2;2;;;;;2;ENERO;2026
42246;VP SENIOR DE COMERCIAL;DIRECCION VENTAS BOGOTA;;100 TIENDA KOAJ CARRERA DECIMA;COMERCIAL;1,0211E+13;COADMINISTRADOR(A) DE TIENDA;1;1;;;;;1;ENERO;2026
42246;VP SENIOR DE COMERCIAL;DIRECCION VENTAS BOGOTA;;100 TIENDA KOAJ CARRERA DECIMA;COMERCIAL;1,04517E+13;STAFF COMERCIAL 36H;6;6;;;;;6;ENERO;2026
42246;VP SENIOR DE COMERCIAL;DIRECCION VENTAS BOGOTA;;100 TIENDA KOAJ CARRERA DECIMA;COMERCIAL;1,04518E+13;STAFF COMERCIAL TC;2;2;;;;;2;ENERO;2026
42036;VP SENIOR DE COMERCIAL;DIRECCION VENTAS BOGOTA;;104 TIENDA KOAJ CALLE 18  CENTRO;COMERCIAL;1,02058E+13;ADMINISTRADOR(A) DE TIENDA;1;1;;;;;1;ENERO;2026
42036;VP SENIOR DE COMERCIAL;DIRECCION VENTAS BOGOTA;;104 TIENDA KOAJ CALLE 18  CENTRO;COMERCIAL;1,04223E+13;CAJERO(A) 36 H;2;2;;;;;1;ENERO;2026
42036;VP SENIOR DE COMERCIAL;DIRECCION VENTAS BOGOTA;;104 TIENDA KOAJ CALLE 18  CENTRO;COMERCIAL;1,04222E+13;CAJERO(A) TC;1;1;;;;;1;ENERO;2026
42036;VP SENIOR DE COMERCIAL;DIRECCION VENTAS BOGOTA;;104 TIENDA KOAJ CALLE 18  CENTRO;COMERCIAL;1,0211E+13;COADMINISTRADOR(A) DE TIENDA;1;1;;;;;1;ENERO;2026
42036;VP SENIOR DE COMERCIAL;DIRECCION VENTAS BOGOTA;;104 TIENDA KOAJ CALLE 18  CENTRO;COMERCIAL;1,04517E+13;STAFF COMERCIAL 36H;2;2;;;;;5;ENERO;2026
42036;VP SENIOR DE COMERCIAL;DIRECCION VENTAS BOGOTA;;104 TIENDA KOAJ CALLE 18  CENTRO;COMERCIAL;1,04518E+13;STAFF COMERCIAL TC;4;4;;;;;4;ENERO;2026
42054;VP SENIOR DE COMERCIAL;DIRECCION VENTAS BOGOTA;;111 TIENDA KOAJ TUNAL;COMERCIAL;1,02058E+13;ADMINISTRADOR(A) DE TIENDA;1;1;;;;;1;ENERO;2026
42054;VP SENIOR DE COMERCIAL;DIRECCION VENTAS BOGOTA;;111 TIENDA KOAJ TUNAL;COMERCIAL;1,04223E+13;CAJERO(A) 36 H;2;2;;;;;1;ENERO;2026
42054;VP SENIOR DE COMERCIAL;DIRECCION VENTAS BOGOTA;;111 TIENDA KOAJ TUNAL;COMERCIAL;1,04222E+13;CAJERO(A) TC;1;1;;;;;1;ENERO;2026
42054;VP SENIOR DE COMERCIAL;DIRECCION VENTAS BOGOTA;;111 TIENDA KOAJ TUNAL;COMERCIAL;1,0211E+13;COADMINISTRADOR(A) DE TIENDA;1;1;;;;;1;ENERO;2026
42054;VP SENIOR DE COMERCIAL;DIRECCION VENTAS BOGOTA;;111 TIENDA KOAJ TUNAL;COMERCIAL;1,04517E+13;STAFF COMERCIAL 36H;4;4;;;;;4;ENERO;2026
42054;VP SENIOR DE COMERCIAL;DIRECCION VENTAS BOGOTA;;111 TIENDA KOAJ TUNAL;COMERCIAL;1,04518E+13;STAFF COMERCIAL TC;2;2;;;;;2;ENERO;2026
42127;VP SENIOR DE COMERCIAL;DIRECCION VENTAS BOGOTA;;112 TIENDA KOAJ SAUCES;COMERCIAL;1,02058E+13;ADMINISTRADOR(A) DE TIENDA;1;1;;;;;1;ENERO;2026
42127;VP SENIOR DE COMERCIAL;DIRECCION VENTAS BOGOTA;;112 TIENDA KOAJ SAUCES;COMERCIAL;1,04223E+13;CAJERO(A) 36 H;1;1;;;;;2;ENERO;2026
42127;VP SENIOR DE COMERCIAL;DIRECCION VENTAS BOGOTA;;112 TIENDA KOAJ SAUCES;COMERCIAL;1,04222E+13;CAJERO(A) TC;2;2;;;;;2;ENERO;2026
42127;VP SENIOR DE COMERCIAL;DIRECCION VENTAS BOGOTA;;112 TIENDA KOAJ SAUCES;COMERCIAL;1,0211E+13;COADMINISTRADOR(A) DE TIENDA;1;1;;;;;1;ENERO;2026
42127;VP SENIOR DE COMERCIAL;DIRECCION VENTAS BOGOTA;;112 TIENDA KOAJ SAUCES;COMERCIAL;1,04517E+13;STAFF COMERCIAL 36H;3;3;;;;;7;ENERO;2026
42127;VP SENIOR DE COMERCIAL;DIRECCION VENTAS BOGOTA;;112 TIENDA KOAJ SAUCES;COMERCIAL;1,04518E+13;STAFF COMERCIAL TC;7;7;;;;;7;ENERO;2026
42057;VP SENIOR DE COMERCIAL;DIRECCION VENTAS BOGOTA;;119 TIENDA KOAJ SAN MARTIN P1;COMERCIAL;1,02058E+13;ADMINISTRADOR(A) DE TIENDA;1;1;;;;;1;ENERO;2026
42057;VP SENIOR DE COMERCIAL;DIRECCION VENTAS BOGOTA;;119 TIENDA KOAJ SAN MARTIN P1;COMERCIAL;1,04222E+13;CAJERO(A) TC;2;2;;;;;2;ENERO;2026
42057;VP SENIOR DE COMERCIAL;DIRECCION VENTAS BOGOTA;;119 TIENDA KOAJ SAN MARTIN P1;COMERCIAL;1,0211E+13;COADMINISTRADOR(A) DE TIENDA;1;1;;;;;1;ENERO;2026
42057;VP SENIOR DE COMERCIAL;DIRECCION VENTAS BOGOTA;;119 TIENDA KOAJ SAN MARTIN P1;COMERCIAL;1,04517E+13;STAFF COMERCIAL 36H;5;5;;;;;5;ENERO;2026
42057;VP SENIOR DE COMERCIAL;DIRECCION VENTAS BOGOTA;;119 TIENDA KOAJ SAN MARTIN P1;COMERCIAL;1,04518E+13;STAFF COMERCIAL TC;2;2;;;;;2;ENERO;2026
42057;VP SENIOR DE COMERCIAL;DIRECCION VENTAS BOGOTA;;119 TIENDA KOAJ SAN MARTIN P1                                                   ;COMERCIAL;1,04223E+13;CAJERO(A) 36 H;1;1;;;;;1;ENERO;2026
42128;VP SENIOR DE COMERCIAL;DIRECCION VENTAS BOGOTA;;134 TIENDA KOAJ PORTAL 80;COMERCIAL;1,02058E+13;ADMINISTRADOR(A) DE TIENDA;1;1;;;;;1;ENERO;2026
42128;VP SENIOR DE COMERCIAL;DIRECCION VENTAS BOGOTA;;134 TIENDA KOAJ PORTAL 80;COMERCIAL;1,04223E+13;CAJERO(A) 36 H;2;2;;;;;3;ENERO;2026
42128;VP SENIOR DE COMERCIAL;DIRECCION VENTAS BOGOTA;;134 TIENDA KOAJ PORTAL 80;COMERCIAL;1,04222E+13;CAJERO(A) TC;2;2;;;;;2;ENERO;2026
42128;VP SENIOR DE COMERCIAL;DIRECCION VENTAS BOGOTA;;134 TIENDA KOAJ PORTAL 80;COMERCIAL;1,0211E+13;COADMINISTRADOR(A) DE TIENDA;1;1;;;;;1;ENERO;2026
42128;VP SENIOR DE COMERCIAL;DIRECCION VENTAS BOGOTA;;134 TIENDA KOAJ PORTAL 80;COMERCIAL;1,02502E+13;PARTNER COMERCIAL;1;1;;;;;1;ENERO;2026
42128;VP SENIOR DE COMERCIAL;DIRECCION VENTAS BOGOTA;;134 TIENDA KOAJ PORTAL 80;COMERCIAL;1,04517E+13;STAFF COMERCIAL 36H;5;5;;;;;9;ENERO;2026
42128;VP SENIOR DE COMERCIAL;DIRECCION VENTAS BOGOTA;;134 TIENDA KOAJ PORTAL 80;COMERCIAL;1,04518E+13;STAFF COMERCIAL TC;7;7;1;;;;8;ENERO;2026
42128;;;;134 TIENDA KOAJ PORTAL 80;COMERCIAL;1,04608E+13;VENDEDOR(A);3;3;;;;;;ENERO;2026
42062;VP SENIOR DE COMERCIAL;DIRECCION VENTAS BOGOTA;;138 TIENDA KOAJ PALATINO;COMERCIAL;1,02058E+13;ADMINISTRADOR(A) DE TIENDA;1;1;;;;;1;ENERO;2026
42062;VP SENIOR DE COMERCIAL;DIRECCION VENTAS BOGOTA;;138 TIENDA KOAJ PALATINO;COMERCIAL;1,04222E+13;CAJERO(A) TC;2;2;;;;;2;ENERO;2026
42062;VP SENIOR DE COMERCIAL;DIRECCION VENTAS BOGOTA;;138 TIENDA KOAJ PALATINO;COMERCIAL;1,0211E+13;COADMINISTRADOR(A) DE TIENDA;1;1;;;;;1;ENERO;2026
42062;VP SENIOR DE COMERCIAL;DIRECCION VENTAS BOGOTA;;138 TIENDA KOAJ PALATINO;COMERCIAL;1,04517E+13;STAFF COMERCIAL 36H;2;2;;;;;4;ENERO;2026
42062;VP SENIOR DE COMERCIAL;DIRECCION VENTAS BOGOTA;;138 TIENDA KOAJ PALATINO;COMERCIAL;1,04518E+13;STAFF COMERCIAL TC;3;3;;;;;3;ENERO;2026
42062;VP SENIOR DE COMERCIAL;DIRECCION VENTAS BOGOTA;;138 TIENDA KOAJ PALATINO                                                             ;COMERCIAL;1,04223E+13;CAJERO(A) 36 H;0;0;;;;;1;ENERO;2026
42068;VP SENIOR DE COMERCIAL;DIRECCION VENTAS BOGOTA;;139 TIENDA KOAJ CRA 62 A;COMERCIAL;1,02058E+13;ADMINISTRADOR(A) DE TIENDA;1;1;;;;;1;ENERO;2026
42068;VP SENIOR DE COMERCIAL;DIRECCION VENTAS BOGOTA;;139 TIENDA KOAJ CRA 62 A;COMERCIAL;1,04223E+13;CAJERO(A) 36 H;0;0;;;;;2;ENERO;2026
42068;VP SENIOR DE COMERCIAL;DIRECCION VENTAS BOGOTA;;139 TIENDA KOAJ CRA 62 A;COMERCIAL;1,04222E+13;CAJERO(A) TC;3;3;;;;;3;ENERO;2026
42068;VP SENIOR DE COMERCIAL;DIRECCION VENTAS BOGOTA;;139 TIENDA KOAJ CRA 62 A;COMERCIAL;1,0211E+13;COADMINISTRADOR(A) DE TIENDA;1;1;;;;;1;ENERO;2026
42068;VP SENIOR DE COMERCIAL;DIRECCION VENTAS BOGOTA;;139 TIENDA KOAJ CRA 62 A;COMERCIAL;1,04517E+13;STAFF COMERCIAL 36H;8;8;;;;;8;ENERO;2026
42068;VP SENIOR DE COMERCIAL;DIRECCION VENTAS BOGOTA;;139 TIENDA KOAJ CRA 62 A;COMERCIAL;1,04518E+13;STAFF COMERCIAL TC;4;4;;;;;4;ENERO;2026
42068;VP SENIOR DE COMERCIAL;DIRECCION VENTAS BOGOTA;;139 TIENDA KOAJ CRA 62 A;COMERCIAL;1,02502E+13;PARTNER COMERCIAL;1;1;;;;;1;ENERO;2026
42147;VP SENIOR DE COMERCIAL;DIRECCION VENTAS BOGOTA;;159 TIENDA KOAJ RESTREPO;COMERCIAL;1,02058E+13;ADMINISTRADOR(A) DE TIENDA;2;2;;;;;1;ENERO;2026
42147;VP SENIOR DE COMERCIAL;DIRECCION VENTAS BOGOTA;;159 TIENDA KOAJ RESTREPO;COMERCIAL;1,04223E+13;CAJERO(A) 36 H;3;3;;;;;4;ENERO;2026
42147;VP SENIOR DE COMERCIAL;DIRECCION VENTAS BOGOTA;;159 TIENDA KOAJ RESTREPO;COMERCIAL;1,04222E+13;CAJERO(A) TC;4;4;;;;;4;ENERO;2026
42147;VP SENIOR DE COMERCIAL;DIRECCION VENTAS BOGOTA;;159 TIENDA KOAJ RESTREPO;COMERCIAL;1,0211E+13;COADMINISTRADOR(A) DE TIENDA;0;0;;;;;1;ENERO;2026
42147;VP SENIOR DE COMERCIAL;DIRECCION VENTAS BOGOTA;;159 TIENDA KOAJ RESTREPO;COMERCIAL;1,02502E+13;PARTNER COMERCIAL;1;1;;;;;1;ENERO;2026
42147;VP SENIOR DE COMERCIAL;DIRECCION VENTAS BOGOTA;;159 TIENDA KOAJ RESTREPO;COMERCIAL;1,04517E+13;STAFF COMERCIAL 36H;6;6;;;;;14;ENERO;2026
42147;VP SENIOR DE COMERCIAL;DIRECCION VENTAS BOGOTA;;159 TIENDA KOAJ RESTREPO;COMERCIAL;1,04518E+13;STAFF COMERCIAL TC;10;10;;;;;10;ENERO;2026
42147;VP SENIOR DE COMERCIAL;DIRECCION VENTAS BOGOTA;;159 TIENDA KOAJ RESTREPO;COMERCIAL;1,04608E+13;VENDEDOR(A);3;4;;;;;;ENERO;2026
42163;VP SENIOR DE COMERCIAL;DIRECCION VENTAS BOGOTA;;167 TIENDA KOAJ GRAN ESTACION;COMERCIAL;1,02058E+13;ADMINISTRADOR(A) DE TIENDA;1;1;;;;;1;ENERO;2026
42163;VP SENIOR DE COMERCIAL;DIRECCION VENTAS BOGOTA;;167 TIENDA KOAJ GRAN ESTACION;COMERCIAL;1,04223E+13;CAJERO(A) 36 H;2;2;;;;;2;ENERO;2026
42163;VP SENIOR DE COMERCIAL;DIRECCION VENTAS BOGOTA;;167 TIENDA KOAJ GRAN ESTACION;COMERCIAL;1,04222E+13;CAJERO(A) TC;2;2;;;;;2;ENERO;2026
42163;VP SENIOR DE COMERCIAL;DIRECCION VENTAS BOGOTA;;167 TIENDA KOAJ GRAN ESTACION;COMERCIAL;1,0211E+13;COADMINISTRADOR(A) DE TIENDA;1;1;;;;;1;ENERO;2026
42163;VP SENIOR DE COMERCIAL;DIRECCION VENTAS BOGOTA;;167 TIENDA KOAJ GRAN ESTACION;COMERCIAL;1,02502E+13;PARTNER COMERCIAL;1;1;;;;;1;ENERO;2026
42163;VP SENIOR DE COMERCIAL;DIRECCION VENTAS BOGOTA;;167 TIENDA KOAJ GRAN ESTACION;COMERCIAL;1,04517E+13;STAFF COMERCIAL 36H;3;3;;;;;8;ENERO;2026
42163;VP SENIOR DE COMERCIAL;DIRECCION VENTAS BOGOTA;;167 TIENDA KOAJ GRAN ESTACION;COMERCIAL;1,04518E+13;STAFF COMERCIAL TC;7;7;;;;;7;ENERO;2026
42163;;;;167 TIENDA KOAJ GRAN ESTACION;COMERCIAL;1,04608E+13;VENDEDOR(A);2;3;;;;;;ENERO;2026
42169;VP SENIOR DE COMERCIAL;DIRECCION VENTAS BOGOTA;;170 TIENDA KOAJ UNIC. OCCIDENTE;COMERCIAL;1,02058E+13;ADMINISTRADOR(A) DE TIENDA;1;1;;;;;1;ENERO;2026
42169;VP SENIOR DE COMERCIAL;DIRECCION VENTAS BOGOTA;;170 TIENDA KOAJ UNIC. OCCIDENTE;COMERCIAL;1,04223E+13;CAJERO(A) 36 H;2;2;;;;;1;ENERO;2026
42169;VP SENIOR DE COMERCIAL;DIRECCION VENTAS BOGOTA;;170 TIENDA KOAJ UNIC. OCCIDENTE;COMERCIAL;1,0211E+13;COADMINISTRADOR(A) DE TIENDA;1;1;;;;;1;ENERO;2026
42169;VP SENIOR DE COMERCIAL;DIRECCION VENTAS BOGOTA;;170 TIENDA KOAJ UNIC. OCCIDENTE;COMERCIAL;1,04517E+13;STAFF COMERCIAL 36H;2;2;;;;;4;ENERO;2026
42169;VP SENIOR DE COMERCIAL;DIRECCION VENTAS BOGOTA;;170 TIENDA KOAJ UNIC. OCCIDENTE;COMERCIAL;1,04518E+13;STAFF COMERCIAL TC;4;4;;;;;4;ENERO;2026
42169;VP SENIOR DE COMERCIAL;DIRECCION VENTAS BOGOTA;;170 TIENDA KOAJ UNIC. OCCIDENTE;COMERCIAL;1,04222E+13;CAJERO(A) TC;1;1;;;;;1;ENERO;2026
42183;VP SENIOR DE COMERCIAL;DIRECCION VENTAS BOGOTA;;176 TIENDA KOAJ BULEVAR;COMERCIAL;1,02058E+13;ADMINISTRADOR(A) DE TIENDA;1;1;;;;;1;ENERO;2026
42183;VP SENIOR DE COMERCIAL;DIRECCION VENTAS BOGOTA;;176 TIENDA KOAJ BULEVAR;COMERCIAL;1,0211E+13;COADMINISTRADOR(A) DE TIENDA;1;1;;;;;1;ENERO;2026
42183;VP SENIOR DE COMERCIAL;DIRECCION VENTAS BOGOTA;;176 TIENDA KOAJ BULEVAR;COMERCIAL;1,04517E+13;STAFF COMERCIAL 36H;2;2;;;;;4;ENERO;2026
42183;VP SENIOR DE COMERCIAL;DIRECCION VENTAS BOGOTA;;176 TIENDA KOAJ BULEVAR;COMERCIAL;1,04518E+13;STAFF COMERCIAL TC;3;3;;;;;3;ENERO;2026
42183;VP SENIOR DE COMERCIAL;DIRECCION VENTAS BOGOTA;;176 TIENDA KOAJ BULEVAR                                                              ;COMERCIAL;1,04223E+13;CAJERO(A) 36 H;2;2;;;;;1;ENERO;2026
42183;VP SENIOR DE COMERCIAL;DIRECCION VENTAS BOGOTA;;176 TIENDA KOAJ BULEVAR                                                              ;COMERCIAL;1,04222E+13;CAJERO(A) TC;1;1;;;;;1;ENERO;2026
42185;VP SENIOR DE COMERCIAL;DIRECCION VENTAS BOGOTA;;177 TIENDA KOAJ FONTIBON;COMERCIAL;1,02058E+13;ADMINISTRADOR(A) DE TIENDA;2;2;;;;;1;ENERO;2026
42185;VP SENIOR DE COMERCIAL;DIRECCION VENTAS BOGOTA;;177 TIENDA KOAJ FONTIBON;COMERCIAL;1,04223E+13;CAJERO(A) 36 H;1;2;;;;;4;ENERO;2026
42185;VP SENIOR DE COMERCIAL;DIRECCION VENTAS BOGOTA;;177 TIENDA KOAJ FONTIBON;COMERCIAL;1,04222E+13;CAJERO(A) TC;3;3;;;;;3;ENERO;2026
42185;VP SENIOR DE COMERCIAL;DIRECCION VENTAS BOGOTA;;177 TIENDA KOAJ FONTIBON;COMERCIAL;1,0211E+13;COADMINISTRADOR(A) DE TIENDA;0;0;;;;;1;ENERO;2026
42185;VP SENIOR DE COMERCIAL;DIRECCION VENTAS BOGOTA;;177 TIENDA KOAJ FONTIBON;COMERCIAL;1,02502E+13;PARTNER COMERCIAL;1;1;;;;;1;ENERO;2026
42185;VP SENIOR DE COMERCIAL;DIRECCION VENTAS BOGOTA;;177 TIENDA KOAJ FONTIBON;COMERCIAL;1,04517E+13;STAFF COMERCIAL 36H;6;6;;;;;14;ENERO;2026
42185;VP SENIOR DE COMERCIAL;DIRECCION VENTAS BOGOTA;;177 TIENDA KOAJ FONTIBON;COMERCIAL;1,04518E+13;STAFF COMERCIAL TC;10;10;;;;;10;ENERO;2026
42185;;;;177 TIENDA KOAJ FONTIBON;COMERCIAL;1,04608E+13;VENDEDOR(A);2;4;;;;;;ENERO;2026
42195;VP SENIOR DE COMERCIAL;DIRECCION VENTAS BOGOTA;;178 TIENDA KOAJ PLAZA DE LAS AMERICAS 2;COMERCIAL;1,02058E+13;ADMINISTRADOR(A) DE TIENDA;1;1;;;;;1;ENERO;2026
42195;VP SENIOR DE COMERCIAL;DIRECCION VENTAS BOGOTA;;178 TIENDA KOAJ PLAZA DE LAS AMERICAS 2;COMERCIAL;1,04275E+13;ASESOR(A) DE VENTAS 48 H;0;0;;;;;;ENERO;2026
42195;VP SENIOR DE COMERCIAL;DIRECCION VENTAS BOGOTA;;178 TIENDA KOAJ PLAZA DE LAS AMERICAS 2;COMERCIAL;1,04223E+13;CAJERO(A) 36 H;1;1;1;;;;2;ENERO;2026
42195;VP SENIOR DE COMERCIAL;DIRECCION VENTAS BOGOTA;;178 TIENDA KOAJ PLAZA DE LAS AMERICAS 2;COMERCIAL;1,04222E+13;CAJERO(A) TC;2;2;;;;;2;ENERO;2026
42195;VP SENIOR DE COMERCIAL;DIRECCION VENTAS BOGOTA;;178 TIENDA KOAJ PLAZA DE LAS AMERICAS 2;COMERCIAL;1,0211E+13;COADMINISTRADOR(A) DE TIENDA;1;1;;;;;1;ENERO;2026
42195;VP SENIOR DE COMERCIAL;DIRECCION VENTAS BOGOTA;;178 TIENDA KOAJ PLAZA DE LAS AMERICAS 2;COMERCIAL;1,04517E+13;STAFF COMERCIAL 36H;6;6;;;;;6;ENERO;2026
42195;VP SENIOR DE COMERCIAL;DIRECCION VENTAS BOGOTA;;178 TIENDA KOAJ PLAZA DE LAS AMERICAS 2;COMERCIAL;1,04518E+13;STAFF COMERCIAL TC;2;2;;;;;2;ENERO;2026
42212;VP SENIOR DE COMERCIAL;DIRECCION VENTAS BOGOTA;;179 TIENDA KOAJ BOSA CENTRO;COMERCIAL;1,02058E+13;ADMINISTRADOR(A) DE TIENDA;1;1;;;;;1;ENERO;2026
42212;VP SENIOR DE COMERCIAL;DIRECCION VENTAS BOGOTA;;179 TIENDA KOAJ BOSA CENTRO;COMERCIAL;1,04223E+13;CAJERO(A) 36 H;1;1;;;;;1;ENERO;2026
42212;VP SENIOR DE COMERCIAL;DIRECCION VENTAS BOGOTA;;179 TIENDA KOAJ BOSA CENTRO;COMERCIAL;1,04222E+13;CAJERO(A) TC;2;2;;;;;2;ENERO;2026
42212;VP SENIOR DE COMERCIAL;DIRECCION VENTAS BOGOTA;;179 TIENDA KOAJ BOSA CENTRO;COMERCIAL;1,0211E+13;COADMINISTRADOR(A) DE TIENDA;1;1;;;;;1;ENERO;2026
42212;VP SENIOR DE COMERCIAL;DIRECCION VENTAS BOGOTA;;179 TIENDA KOAJ BOSA CENTRO;COMERCIAL;1,04517E+13;STAFF COMERCIAL 36H;8;8;;;;;8;ENERO;2026
42212;VP SENIOR DE COMERCIAL;DIRECCION VENTAS BOGOTA;;179 TIENDA KOAJ BOSA CENTRO;COMERCIAL;1,04518E+13;STAFF COMERCIAL TC;3;3;;;;;3;ENERO;2026
42186;VP SENIOR DE COMERCIAL;DIRECCION VENTAS BOGOTA;;180 TIENDA KOAJ MERCURIO;COMERCIAL;1,02058E+13;ADMINISTRADOR(A) DE TIENDA;2;2;;;;;1;ENERO;2026
42186;VP SENIOR DE COMERCIAL;DIRECCION VENTAS BOGOTA;;180 TIENDA KOAJ MERCURIO;COMERCIAL;1,04223E+13;CAJERO(A) 36 H;2;2;;;;;2;ENERO;2026
42186;VP SENIOR DE COMERCIAL;DIRECCION VENTAS BOGOTA;;180 TIENDA KOAJ MERCURIO;COMERCIAL;1,04222E+13;CAJERO(A) TC;4;4;;;;;4;ENERO;2026
42186;VP SENIOR DE COMERCIAL;DIRECCION VENTAS BOGOTA;;180 TIENDA KOAJ MERCURIO;COMERCIAL;1,0211E+13;COADMINISTRADOR(A) DE TIENDA;0;0;;;;;1;ENERO;2026
42186;VP SENIOR DE COMERCIAL;DIRECCION VENTAS BOGOTA;;180 TIENDA KOAJ MERCURIO;COMERCIAL;1,02502E+13;PARTNER COMERCIAL;1;1;;;;;1;ENERO;2026
42186;VP SENIOR DE COMERCIAL;DIRECCION VENTAS BOGOTA;;180 TIENDA KOAJ MERCURIO;COMERCIAL;1,04517E+13;STAFF COMERCIAL 36H;8;8;1;;;;14;ENERO;2026
42186;VP SENIOR DE COMERCIAL;DIRECCION VENTAS BOGOTA;;180 TIENDA KOAJ MERCURIO;COMERCIAL;1,04518E+13;STAFF COMERCIAL TC;10;10;;;;;10;ENERO;2026
42202;VP SENIOR DE COMERCIAL;DIRECCION VENTAS BOGOTA;;184 TIENDA KOAJ TOBERIN;COMERCIAL;1,02058E+13;ADMINISTRADOR(A) DE TIENDA;2;2;;;;;1;ENERO;2026
42202;VP SENIOR DE COMERCIAL;DIRECCION VENTAS BOGOTA;;184 TIENDA KOAJ TOBERIN;COMERCIAL;1,04222E+13;CAJERO(A) TC;3;3;;;;;3;ENERO;2026
42202;VP SENIOR DE COMERCIAL;DIRECCION VENTAS BOGOTA;;184 TIENDA KOAJ TOBERIN;COMERCIAL;1,0211E+13;COADMINISTRADOR(A) DE TIENDA;0;0;;;;;1;ENERO;2026
42202;VP SENIOR DE COMERCIAL;DIRECCION VENTAS BOGOTA;;184 TIENDA KOAJ TOBERIN;COMERCIAL;1,02502E+13;PARTNER COMERCIAL;1;1;;;;;1;ENERO;2026
42202;VP SENIOR DE COMERCIAL;DIRECCION VENTAS BOGOTA;;184 TIENDA KOAJ TOBERIN;COMERCIAL;1,04517E+13;STAFF COMERCIAL 36H;5;6;;;;;15;ENERO;2026
42202;VP SENIOR DE COMERCIAL;DIRECCION VENTAS BOGOTA;;184 TIENDA KOAJ TOBERIN;COMERCIAL;1,04518E+13;STAFF COMERCIAL TC;12;12;;;;;12;ENERO;2026
42202;;;;184 TIENDA KOAJ TOBERIN;COMERCIAL;1,04608E+13;VENDEDOR(A);1;4;;;;;;ENERO;2026
42202;VP SENIOR DE COMERCIAL;DIRECCION VENTAS BOGOTA;;184 TIENDA KOAJ TOBERIN                                                              ;COMERCIAL;1,04223E+13;CAJERO(A) 36 H;2;2;;;;;4;ENERO;2026
42220;VP SENIOR DE COMERCIAL;DIRECCION VENTAS BOGOTA;;187 TIENDA KOAJ LAS FERIAS;COMERCIAL;1,02058E+13;ADMINISTRADOR(A) DE TIENDA;1;1;;;;;1;ENERO;2026
42220;VP SENIOR DE COMERCIAL;DIRECCION VENTAS BOGOTA;;187 TIENDA KOAJ LAS FERIAS;COMERCIAL;1,04222E+13;CAJERO(A) TC;2;2;;;;;2;ENERO;2026
42220;VP SENIOR DE COMERCIAL;DIRECCION VENTAS BOGOTA;;187 TIENDA KOAJ LAS FERIAS;COMERCIAL;1,0211E+13;COADMINISTRADOR(A) DE TIENDA;1;1;;;;;1;ENERO;2026
42220;VP SENIOR DE COMERCIAL;DIRECCION VENTAS BOGOTA;;187 TIENDA KOAJ LAS FERIAS;COMERCIAL;1,04517E+13;STAFF COMERCIAL 36H;2;2;;;;;6;ENERO;2026
42220;VP SENIOR DE COMERCIAL;DIRECCION VENTAS BOGOTA;;187 TIENDA KOAJ LAS FERIAS;COMERCIAL;1,04518E+13;STAFF COMERCIAL TC;7;7;;;;;7;ENERO;2026
42220;VP SENIOR DE COMERCIAL;DIRECCION VENTAS BOGOTA;;187 TIENDA KOAJ LAS FERIAS;COMERCIAL;1,04223E+13;CAJERO(A) 36 H;1;1;;;;;1;ENERO;2026
42197;VP SENIOR DE COMERCIAL;DIRECCION VENTAS BOGOTA;;189 TIENDA KOAJ MONTEVIDEO;COMERCIAL;1,02058E+13;ADMINISTRADOR(A) DE TIENDA;1;1;;;;;1;ENERO;2026
42197;VP SENIOR DE COMERCIAL;DIRECCION VENTAS BOGOTA;;189 TIENDA KOAJ MONTEVIDEO;COMERCIAL;1,04222E+13;CAJERO(A) TC;2;2;1;;;;3;ENERO;2026
42197;VP SENIOR DE COMERCIAL;DIRECCION VENTAS BOGOTA;;189 TIENDA KOAJ MONTEVIDEO;COMERCIAL;1,0211E+13;COADMINISTRADOR(A) DE TIENDA;1;1;;;;;1;ENERO;2026
42197;VP SENIOR DE COMERCIAL;DIRECCION VENTAS BOGOTA;;189 TIENDA KOAJ MONTEVIDEO;COMERCIAL;1,04517E+13;STAFF COMERCIAL 36H;4;4;;;;;4;ENERO;2026
42197;VP SENIOR DE COMERCIAL;DIRECCION VENTAS BOGOTA;;189 TIENDA KOAJ MONTEVIDEO;COMERCIAL;1,04518E+13;STAFF COMERCIAL TC;2;2;;;;;2;ENERO;2026
42197;VP SENIOR DE COMERCIAL;DIRECCION VENTAS BOGOTA;;189 TIENDA KOAJ MONTEVIDEO                                                      ;COMERCIAL;1,04223E+13;CAJERO(A) 36 H;1;1;;;;;1;ENERO;2026
42226;VP SENIOR DE COMERCIAL;DIRECCION VENTAS BOGOTA;;191 TIENDA KOAJ PLAZA CENTRAL;COMERCIAL;1,02058E+13;ADMINISTRADOR(A) DE TIENDA;1;1;;;;;1;ENERO;2026
42226;VP SENIOR DE COMERCIAL;DIRECCION VENTAS BOGOTA;;191 TIENDA KOAJ PLAZA CENTRAL;COMERCIAL;1,04223E+13;CAJERO(A) 36 H;2;2;;;;;3;ENERO;2026
42226;VP SENIOR DE COMERCIAL;DIRECCION VENTAS BOGOTA;;191 TIENDA KOAJ PLAZA CENTRAL;COMERCIAL;1,04222E+13;CAJERO(A) TC;3;3;;;;;3;ENERO;2026
42226;VP SENIOR DE COMERCIAL;DIRECCION VENTAS BOGOTA;;191 TIENDA KOAJ PLAZA CENTRAL;COMERCIAL;1,0211E+13;COADMINISTRADOR(A) DE TIENDA;1;1;;;;;1;ENERO;2026
42226;VP SENIOR DE COMERCIAL;DIRECCION VENTAS BOGOTA;;191 TIENDA KOAJ PLAZA CENTRAL;COMERCIAL;1,02502E+13;PARTNER COMERCIAL;1;1;;;;;1;ENERO;2026
42226;VP SENIOR DE COMERCIAL;DIRECCION VENTAS BOGOTA;;191 TIENDA KOAJ PLAZA CENTRAL;COMERCIAL;1,04517E+13;STAFF COMERCIAL 36H;3;5;;;;;10;ENERO;2026
42226;VP SENIOR DE COMERCIAL;DIRECCION VENTAS BOGOTA;;191 TIENDA KOAJ PLAZA CENTRAL;COMERCIAL;1,04518E+13;STAFF COMERCIAL TC;8;8;;;;;8;ENERO;2026
42226;;;;191 TIENDA KOAJ PLAZA CENTRAL;COMERCIAL;1,04608E+13;VENDEDOR(A);2;3;;;;;;ENERO;2026
42234;VP SENIOR DE COMERCIAL;DIRECCION VENTAS BOGOTA;;193 TIENDA KOAJ LA FELICIDAD;COMERCIAL;1,02058E+13;ADMINISTRADOR(A) DE TIENDA;2;2;;;;;1;ENERO;2026
42234;VP SENIOR DE COMERCIAL;DIRECCION VENTAS BOGOTA;;193 TIENDA KOAJ LA FELICIDAD;COMERCIAL;1,04223E+13;CAJERO(A) 36 H;2;2;;;;;4;ENERO;2026
42234;VP SENIOR DE COMERCIAL;DIRECCION VENTAS BOGOTA;;193 TIENDA KOAJ LA FELICIDAD;COMERCIAL;1,04222E+13;CAJERO(A) TC;3;3;;;;;3;ENERO;2026
42234;VP SENIOR DE COMERCIAL;DIRECCION VENTAS BOGOTA;;193 TIENDA KOAJ LA FELICIDAD;COMERCIAL;1,0211E+13;COADMINISTRADOR(A) DE TIENDA;0;0;;;;;1;ENERO;2026
42234;VP SENIOR DE COMERCIAL;DIRECCION VENTAS BOGOTA;;193 TIENDA KOAJ LA FELICIDAD;COMERCIAL;1,02502E+13;PARTNER COMERCIAL;1;1;;;;;1;ENERO;2026
42234;VP SENIOR DE COMERCIAL;DIRECCION VENTAS BOGOTA;;193 TIENDA KOAJ LA FELICIDAD;COMERCIAL;1,04517E+13;STAFF COMERCIAL 36H;7;7;;;;;14;ENERO;2026
42234;VP SENIOR DE COMERCIAL;DIRECCION VENTAS BOGOTA;;193 TIENDA KOAJ LA FELICIDAD;COMERCIAL;1,04518E+13;STAFF COMERCIAL TC;10;10;1;;;;11;ENERO;2026
42234;;;;193 TIENDA KOAJ LA FELICIDAD;COMERCIAL;1,04608E+13;VENDEDOR(A);3;4;;;;;;ENERO;2026
42236;VP SENIOR DE COMERCIAL;DIRECCION VENTAS BOGOTA;;194 TIENDA KOAJ VENTURA TERREROS;COMERCIAL;1,02058E+13;ADMINISTRADOR(A) DE TIENDA;1;1;;;;;1;ENERO;2026
42236;VP SENIOR DE COMERCIAL;DIRECCION VENTAS BOGOTA;;194 TIENDA KOAJ VENTURA TERREROS;COMERCIAL;1,04222E+13;CAJERO(A) TC;2;2;1;;;;3;ENERO;2026
42236;VP SENIOR DE COMERCIAL;DIRECCION VENTAS BOGOTA;;194 TIENDA KOAJ VENTURA TERREROS;COMERCIAL;1,0211E+13;COADMINISTRADOR(A) DE TIENDA;1;1;;;;;1;ENERO;2026
42236;VP SENIOR DE COMERCIAL;DIRECCION VENTAS BOGOTA;;194 TIENDA KOAJ VENTURA TERREROS;COMERCIAL;1,04517E+13;STAFF COMERCIAL 36H;6;6;;;;;6;ENERO;2026
42236;VP SENIOR DE COMERCIAL;DIRECCION VENTAS BOGOTA;;194 TIENDA KOAJ VENTURA TERREROS;COMERCIAL;1,04518E+13;STAFF COMERCIAL TC;2;2;;;;;2;ENERO;2026
42236;VP SENIOR DE COMERCIAL;DIRECCION VENTAS BOGOTA;;194 TIENDA KOAJ VENTURA TERREROS;COMERCIAL;1,04223E+13;CAJERO(A) 36 H;2;2;;;;;2;ENERO;2026
42238;VP SENIOR DE COMERCIAL;DIRECCION VENTAS BOGOTA;;195 TIENDA KOAJ METROPOLIS;COMERCIAL;1,02058E+13;ADMINISTRADOR(A) DE TIENDA;1;1;;;;;1;ENERO;2026
42238;VP SENIOR DE COMERCIAL;DIRECCION VENTAS BOGOTA;;195 TIENDA KOAJ METROPOLIS;COMERCIAL;1,04223E+13;CAJERO(A) 36 H;2;2;;;;;1;ENERO;2026
42238;VP SENIOR DE COMERCIAL;DIRECCION VENTAS BOGOTA;;195 TIENDA KOAJ METROPOLIS;COMERCIAL;1,0211E+13;COADMINISTRADOR(A) DE TIENDA;1;1;;;;;1;ENERO;2026
42238;VP SENIOR DE COMERCIAL;DIRECCION VENTAS BOGOTA;;195 TIENDA KOAJ METROPOLIS;COMERCIAL;1,04517E+13;STAFF COMERCIAL 36H;0;2;;;;;5;ENERO;2026
42238;VP SENIOR DE COMERCIAL;DIRECCION VENTAS BOGOTA;;195 TIENDA KOAJ METROPOLIS;COMERCIAL;1,04518E+13;STAFF COMERCIAL TC;3;3;;;;;3;ENERO;2026
42238;VP SENIOR DE COMERCIAL;DIRECCION VENTAS BOGOTA;;195 TIENDA KOAJ METROPOLIS;COMERCIAL;1,04222E+13;CAJERO(A) TC;1;1;;;;;1;ENERO;2026
42239;VP SENIOR DE COMERCIAL;DIRECCION VENTAS BOGOTA;;196 TIENDA KOAJ LUCERO;COMERCIAL;1,02058E+13;ADMINISTRADOR(A) DE TIENDA;1;1;;;;;1;ENERO;2026
42239;VP SENIOR DE COMERCIAL;DIRECCION VENTAS BOGOTA;;196 TIENDA KOAJ LUCERO;COMERCIAL;1,04223E+13;CAJERO(A) 36 H;0;0;;;;;1;ENERO;2026
42239;VP SENIOR DE COMERCIAL;DIRECCION VENTAS BOGOTA;;196 TIENDA KOAJ LUCERO;COMERCIAL;1,0211E+13;COADMINISTRADOR(A) DE TIENDA;1;1;;;;;1;ENERO;2026
42239;VP SENIOR DE COMERCIAL;DIRECCION VENTAS BOGOTA;;196 TIENDA KOAJ LUCERO;COMERCIAL;1,04517E+13;STAFF COMERCIAL 36H;4;4;;;;;4;ENERO;2026
42239;VP SENIOR DE COMERCIAL;DIRECCION VENTAS BOGOTA;;196 TIENDA KOAJ LUCERO;COMERCIAL;1,04518E+13;STAFF COMERCIAL TC;2;2;;;;;2;ENERO;2026
42239;VP SENIOR DE COMERCIAL;DIRECCION VENTAS BOGOTA;;196 TIENDA KOAJ LUCERO;COMERCIAL;1,04222E+13;CAJERO(A) TC;2;2;;;;;2;ENERO;2026
42242;VP SENIOR DE COMERCIAL;DIRECCION VENTAS BOGOTA;;197 TIENDA KOAJ GAITANA;COMERCIAL;1,02058E+13;ADMINISTRADOR(A) DE TIENDA;1;1;;;;;1;ENERO;2026
42242;VP SENIOR DE COMERCIAL;DIRECCION VENTAS BOGOTA;;197 TIENDA KOAJ GAITANA;COMERCIAL;1,04223E+13;CAJERO(A) 36H;0;1;;;;;1;ENERO;2026
42242;VP SENIOR DE COMERCIAL;DIRECCION VENTAS BOGOTA;;197 TIENDA KOAJ GAITANA;COMERCIAL;1,04222E+13;CAJERO(A) TC;2;2;;;;;2;ENERO;2026
42242;VP SENIOR DE COMERCIAL;DIRECCION VENTAS BOGOTA;;197 TIENDA KOAJ GAITANA;COMERCIAL;1,0211E+13;COADMINISTRADOR(A) DE TIENDA;1;1;;;;;1;ENERO;2026
42242;VP SENIOR DE COMERCIAL;DIRECCION VENTAS BOGOTA;;197 TIENDA KOAJ GAITANA;COMERCIAL;1,04517E+13;STAFF COMERCIAL 36H;2;2;;;;;4;ENERO;2026
42242;VP SENIOR DE COMERCIAL;DIRECCION VENTAS BOGOTA;;197 TIENDA KOAJ GAITANA;COMERCIAL;1,04518E+13;STAFF COMERCIAL TC;5;5;;;;;5;ENERO;2026
42245;VP SENIOR DE COMERCIAL;DIRECCION VENTAS BOGOTA;;199 TIENDA KOAJ EL EDEN;COMERCIAL;1,02058E+13;ADMINISTRADOR(A) DE TIENDA;1;1;;;;;1;ENERO;2026
42245;VP SENIOR DE COMERCIAL;DIRECCION VENTAS BOGOTA;;199 TIENDA KOAJ EL EDEN;COMERCIAL;1,04222E+13;CAJERO(A) TC;2;2;;;;;2;ENERO;2026
42245;VP SENIOR DE COMERCIAL;DIRECCION VENTAS BOGOTA;;199 TIENDA KOAJ EL EDEN;COMERCIAL;1,0211E+13;COADMINISTRADOR(A) DE TIENDA;1;1;;;;;1;ENERO;2026
42245;VP SENIOR DE COMERCIAL;DIRECCION VENTAS BOGOTA;;199 TIENDA KOAJ EL EDEN;COMERCIAL;1,04517E+13;STAFF COMERCIAL 36H;2;2;;;;;4;ENERO;2026
42245;VP SENIOR DE COMERCIAL;DIRECCION VENTAS BOGOTA;;199 TIENDA KOAJ EL EDEN;COMERCIAL;1,04518E+13;STAFF COMERCIAL TC;4;4;;;;;4;ENERO;2026
42245;VP SENIOR DE COMERCIAL;DIRECCION VENTAS BOGOTA;;199 TIENDA KOAJ EL EDEN                                                               ;COMERCIAL;1,04223E+13;CAJERO(A) 36 H;1;1;;;;;1;ENERO;2026
42247;VP SENIOR DE COMERCIAL;DIRECCION VENTAS BOGOTA;;200-TIENDA KOAJ VENTURA TERREROS II;COMERCIAL;1,02058E+13;ADMINISTRADOR(A) DE TIENDA;1;1;;;;;1;ENERO;2026
42247;VP SENIOR DE COMERCIAL;DIRECCION VENTAS BOGOTA;;200-TIENDA KOAJ VENTURA TERREROS II;COMERCIAL;1,04223E+13;CAJERO(A) 36 H;1;1;;;;;1;ENERO;2026
42247;VP SENIOR DE COMERCIAL;DIRECCION VENTAS BOGOTA;;200-TIENDA KOAJ VENTURA TERREROS II;COMERCIAL;1,0211E+13;COADMINISTRADOR(A) DE TIENDA;1;1;;;;;1;ENERO;2026
42247;VP SENIOR DE COMERCIAL;DIRECCION VENTAS BOGOTA;;200-TIENDA KOAJ VENTURA TERREROS II;COMERCIAL;1,04517E+13;STAFF COMERCIAL 36H;3;6;;;;;6;ENERO;2026
42247;VP SENIOR DE COMERCIAL;DIRECCION VENTAS BOGOTA;;200-TIENDA KOAJ VENTURA TERREROS II;COMERCIAL;1,04518E+13;STAFF COMERCIAL TC;2;2;;;;;2;ENERO;2026
42247;VP SENIOR DE COMERCIAL;DIRECCION VENTAS BOGOTA;;200-TIENDA KOAJ VENTURA TERREROS II                                     ;COMERCIAL;1,04222E+13;CAJERO(A) TC;2;2;;;;;2;ENERO;2026
42248;VP SENIOR DE COMERCIAL;DIRECCION VENTAS BOGOTA;;530 TIENDA KOAJ SUBA RINCON;COMERCIAL;1,02058E+13;ADMINISTRADOR(A) DE TIENDA;1;1;;;;;1;ENERO;2026
42248;VP SENIOR DE COMERCIAL;DIRECCION VENTAS BOGOTA;;530 TIENDA KOAJ SUBA RINCON;COMERCIAL;1,04223E+13;CAJERO(A) 36 H;1;2;;;;;1;ENERO;2026
42248;VP SENIOR DE COMERCIAL;DIRECCION VENTAS BOGOTA;;530 TIENDA KOAJ SUBA RINCON;COMERCIAL;1,0211E+13;COADMINISTRADOR(A) DE TIENDA;1;1;;;;;1;ENERO;2026
42248;VP SENIOR DE COMERCIAL;DIRECCION VENTAS BOGOTA;;530 TIENDA KOAJ SUBA RINCON;COMERCIAL;1,04517E+13;STAFF COMERCIAL 36H;2;2;;;;;4;ENERO;2026
42248;VP SENIOR DE COMERCIAL;DIRECCION VENTAS BOGOTA;;530 TIENDA KOAJ SUBA RINCON;COMERCIAL;1,04518E+13;STAFF COMERCIAL TC;3;3;;;;;3;ENERO;2026
42248;VP SENIOR DE COMERCIAL;DIRECCION VENTAS BOGOTA;;530 TIENDA KOAJ SUBA RINCON;COMERCIAL;1,04222E+13;CAJERO(A) TC;1;1;;;;;1;ENERO;2026
42249;VP SENIOR DE COMERCIAL;DIRECCION VENTAS BOGOTA;;531 TIENDA KOAJ TUNAL II;COMERCIAL;1,02058E+13;ADMINISTRADOR(A) DE TIENDA;1;1;;;;;1;ENERO;2026
42249;VP SENIOR DE COMERCIAL;DIRECCION VENTAS BOGOTA;;531 TIENDA KOAJ TUNAL II;COMERCIAL;1,04223E+13;CAJERO(A) 36 H;0;0;;;;;1;ENERO;2026
42249;VP SENIOR DE COMERCIAL;DIRECCION VENTAS BOGOTA;;531 TIENDA KOAJ TUNAL II;COMERCIAL;1,04222E+13;CAJERO(A) TC;2;2;;;;;2;ENERO;2026
42249;VP SENIOR DE COMERCIAL;DIRECCION VENTAS BOGOTA;;531 TIENDA KOAJ TUNAL II;COMERCIAL;1,0211E+13;COADMINISTRADOR(A) DE TIENDA;1;1;;;;;1;ENERO;2026
42249;VP SENIOR DE COMERCIAL;DIRECCION VENTAS BOGOTA;;531 TIENDA KOAJ TUNAL II;COMERCIAL;1,04517E+13;STAFF COMERCIAL 36H;2;2;;;;;3;ENERO;2026
42249;VP SENIOR DE COMERCIAL;DIRECCION VENTAS BOGOTA;;531 TIENDA KOAJ TUNAL II;COMERCIAL;1,04518E+13;STAFF COMERCIAL TC;2;2;;;;;2;ENERO;2026
42250;VP SENIOR DE COMERCIAL;DIRECCION VENTAS BOGOTA;;532 TIENDA KOAJ PASEO VILLA DEL RIO;COMERCIAL;1,02058E+13;ADMINISTRADOR(A) DE TIENDA;1;1;;;;;1;ENERO;2026
42250;VP SENIOR DE COMERCIAL;DIRECCION VENTAS BOGOTA;;532 TIENDA KOAJ PASEO VILLA DEL RIO;COMERCIAL;1,04223E+13;CAJERO(A) 36 H;2;2;;;;;3;ENERO;2026
42250;VP SENIOR DE COMERCIAL;DIRECCION VENTAS BOGOTA;;532 TIENDA KOAJ PASEO VILLA DEL RIO;COMERCIAL;1,04222E+13;CAJERO(A) TC;3;3;;;;;3;ENERO;2026
42250;VP SENIOR DE COMERCIAL;DIRECCION VENTAS BOGOTA;;532 TIENDA KOAJ PASEO VILLA DEL RIO;COMERCIAL;1,0211E+13;COADMINISTRADOR(A) DE TIENDA;1;1;;;;;1;ENERO;2026
42250;VP SENIOR DE COMERCIAL;DIRECCION VENTAS BOGOTA;;532 TIENDA KOAJ PASEO VILLA DEL RIO;COMERCIAL;1,02502E+13;PARTNER COMERCIAL;1;1;;;;;1;ENERO;2026
42250;VP SENIOR DE COMERCIAL;DIRECCION VENTAS BOGOTA;;532 TIENDA KOAJ PASEO VILLA DEL RIO;COMERCIAL;1,04517E+13;STAFF COMERCIAL 36H;8;8;;;;;13;ENERO;2026
42250;VP SENIOR DE COMERCIAL;DIRECCION VENTAS BOGOTA;;532 TIENDA KOAJ PASEO VILLA DEL RIO;COMERCIAL;1,04518E+13;STAFF COMERCIAL TC;6;6;;;;;6;ENERO;2026
42250;;;;532 TIENDA KOAJ PASEO VILLA DEL RIO;COMERCIAL;1,04608E+13;VENDEDOR(A);4;4;;;;;;ENERO;2026
42252;VP SENIOR DE COMERCIAL;DIRECCION VENTAS BOGOTA;;537 TIENDA KOAJ RESTREPO 2;COMERCIAL;1,02058E+13;ADMINISTRADOR(A) DE TIENDA;1;1;;;;;1;ENERO;2026
42252;VP SENIOR DE COMERCIAL;DIRECCION VENTAS BOGOTA;;537 TIENDA KOAJ RESTREPO 2;COMERCIAL;1,04223E+13;CAJERO(A) 36 H;1;2;;;;;1;ENERO;2026
42252;VP SENIOR DE COMERCIAL;DIRECCION VENTAS BOGOTA;;537 TIENDA KOAJ RESTREPO 2;COMERCIAL;1,04222E+13;CAJERO(A) TC;2;1;;;;;2;ENERO;2026
42252;VP SENIOR DE COMERCIAL;DIRECCION VENTAS BOGOTA;;537 TIENDA KOAJ RESTREPO 2;COMERCIAL;1,0211E+13;COADMINISTRADOR(A) DE TIENDA;1;1;;;;;1;ENERO;2026
42252;VP SENIOR DE COMERCIAL;DIRECCION VENTAS BOGOTA;;537 TIENDA KOAJ RESTREPO 2;COMERCIAL;1,04517E+13;STAFF COMERCIAL 36H;3;3;;;;;5;ENERO;2026
42252;VP SENIOR DE COMERCIAL;DIRECCION VENTAS BOGOTA;;537 TIENDA KOAJ RESTREPO 2;COMERCIAL;1,04518E+13;STAFF COMERCIAL TC;4;4;;;;;4;ENERO;2026
42253;VP SENIOR DE COMERCIAL;DIRECCION VENTAS BOGOTA;;538 TIENDA KOAJ NUESTRO BOGOTA;COMERCIAL;1,02058E+13;ADMINISTRADOR(A) DE TIENDA;1;1;;;;;1;ENERO;2026
42253;VP SENIOR DE COMERCIAL;DIRECCION VENTAS BOGOTA;;538 TIENDA KOAJ NUESTRO BOGOTA;COMERCIAL;1,04223E+13;CAJERO(A) 36 H;1;1;;;;;1;ENERO;2026
42253;VP SENIOR DE COMERCIAL;DIRECCION VENTAS BOGOTA;;538 TIENDA KOAJ NUESTRO BOGOTA;COMERCIAL;1,04222E+13;CAJERO(A) TC;2;2;;;;;2;ENERO;2026
42253;VP SENIOR DE COMERCIAL;DIRECCION VENTAS BOGOTA;;538 TIENDA KOAJ NUESTRO BOGOTA;COMERCIAL;1,0211E+13;COADMINISTRADOR(A) DE TIENDA;1;1;;;;;1;ENERO;2026
42253;VP SENIOR DE COMERCIAL;DIRECCION VENTAS BOGOTA;;538 TIENDA KOAJ NUESTRO BOGOTA;COMERCIAL;1,04517E+13;STAFF COMERCIAL 36H;3;4;;;;;;ENERO;2026
42253;VP SENIOR DE COMERCIAL;DIRECCION VENTAS BOGOTA;;538 TIENDA KOAJ NUESTRO BOGOTA;COMERCIAL;1,04518E+13;STAFF COMERCIAL TC;7;6;;;;;7;ENERO;2026
42253;VP SENIOR DE COMERCIAL;DIRECCION VENTAS BOGOTA;;538 TIENDA KOAJ NUESTRO BOGOTA;COMERCIAL;1,02502E+13;PARTNER COMERCIAL;0;0;;;;;1;ENERO;2026
42254;VP SENIOR DE COMERCIAL;DIRECCION VENTAS BOGOTA;;539 TIENDA KOAJ CALLE 12 CENTRO;COMERCIAL;1,02058E+13;ADMINISTRADOR(A) DE TIENDA;1;1;;;;;1;ENERO;2026
42254;VP SENIOR DE COMERCIAL;DIRECCION VENTAS BOGOTA;;539 TIENDA KOAJ CALLE 12 CENTRO;COMERCIAL;1,04223E+13;CAJERO(A) 36 H;0;0;;;;;1;ENERO;2026
42254;VP SENIOR DE COMERCIAL;DIRECCION VENTAS BOGOTA;;539 TIENDA KOAJ CALLE 12 CENTRO;COMERCIAL;1,04222E+13;CAJERO(A) TC;2;2;;;;;2;ENERO;2026
42254;VP SENIOR DE COMERCIAL;DIRECCION VENTAS BOGOTA;;539 TIENDA KOAJ CALLE 12 CENTRO;COMERCIAL;1,0211E+13;COADMINISTRADOR(A) DE TIENDA;1;1;;;;;1;ENERO;2026
42254;VP SENIOR DE COMERCIAL;DIRECCION VENTAS BOGOTA;;539 TIENDA KOAJ CALLE 12 CENTRO;COMERCIAL;1,04517E+13;STAFF COMERCIAL 36H;1;2;;;;;4;ENERO;2026
42254;VP SENIOR DE COMERCIAL;DIRECCION VENTAS BOGOTA;;539 TIENDA KOAJ CALLE 12 CENTRO;COMERCIAL;1,04518E+13;STAFF COMERCIAL TC;4;4;;;;;4;ENERO;2026
42258;VP SENIOR DE COMERCIAL;DIRECCION VENTAS BOGOTA;;541 TIENDA KOAJ FACTORY;COMERCIAL;1,02058E+13;ADMINISTRADOR(A) DE TIENDA;1;1;;;;;1;ENERO;2026
42258;VP SENIOR DE COMERCIAL;DIRECCION VENTAS BOGOTA;;541 TIENDA KOAJ FACTORY;COMERCIAL;1,04223E+13;CAJERO(A) 36 H;1;1;;;;;1;ENERO;2026
42258;VP SENIOR DE COMERCIAL;DIRECCION VENTAS BOGOTA;;541 TIENDA KOAJ FACTORY;COMERCIAL;1,04222E+13;CAJERO(A) TC;2;2;;;;;2;ENERO;2026
42258;VP SENIOR DE COMERCIAL;DIRECCION VENTAS BOGOTA;;541 TIENDA KOAJ FACTORY;COMERCIAL;1,0211E+13;COADMINISTRADOR(A) DE TIENDA;1;1;;;;;1;ENERO;2026
42258;VP SENIOR DE COMERCIAL;DIRECCION VENTAS BOGOTA;;541 TIENDA KOAJ FACTORY;COMERCIAL;1,04517E+13;STAFF COMERCIAL 36H;3;4;;;;;4;ENERO;2026
42258;VP SENIOR DE COMERCIAL;DIRECCION VENTAS BOGOTA;;541 TIENDA KOAJ FACTORY;COMERCIAL;1,04518E+13;STAFF COMERCIAL TC;2;2;;;;;2;ENERO;2026
42259;VP SENIOR DE COMERCIAL;DIRECCION VENTAS BOGOTA;;542 TIENDA KOAJ BOSA LA LIBERTAD;COMERCIAL;1,02058E+13;ADMINISTRADOR(A) DE TIENDA;1;1;;;;;1;ENERO;2026
42259;VP SENIOR DE COMERCIAL;DIRECCION VENTAS BOGOTA;;542 TIENDA KOAJ BOSA LA LIBERTAD;COMERCIAL;1,04223E+13;CAJERO(A) 36 H;1;2;;;;;3;ENERO;2026
42259;VP SENIOR DE COMERCIAL;DIRECCION VENTAS BOGOTA;;542 TIENDA KOAJ BOSA LA LIBERTAD;COMERCIAL;1,04222E+13;CAJERO(A) TC;3;3;1;;;;4;ENERO;2026
42259;VP SENIOR DE COMERCIAL;DIRECCION VENTAS BOGOTA;;542 TIENDA KOAJ BOSA LA LIBERTAD;COMERCIAL;1,0211E+13;COADMINISTRADOR(A) DE TIENDA;1;1;;;;;1;ENERO;2026
42259;VP SENIOR DE COMERCIAL;DIRECCION VENTAS BOGOTA;;542 TIENDA KOAJ BOSA LA LIBERTAD;COMERCIAL;1,04517E+13;STAFF COMERCIAL 36H;7;7;;;;;12;ENERO;2026
42259;VP SENIOR DE COMERCIAL;DIRECCION VENTAS BOGOTA;;542 TIENDA KOAJ BOSA LA LIBERTAD;COMERCIAL;1,04518E+13;STAFF COMERCIAL TC;8;8;;;;;8;ENERO;2026
42259;VP SENIOR DE COMERCIAL;DIRECCION VENTAS BOGOTA;;542 TIENDA KOAJ BOSA LA LIBERTAD;COMERCIAL;1,02502E+13;PARTNER COMERCIAL;1;1;;;;;1;ENERO;2026
42260;VP SENIOR DE COMERCIAL;DIRECCION VENTAS BOGOTA;;544 TIENDA KOAJ CENTRO MAYOR II;COMERCIAL;1,02502E+13;PARTNER COMERCIAL;1;1;;;;;1;ENERO;2026
42096;VP SENIOR DE COMERCIAL;DIRECCION VENTAS BOGOTA;;042 TIENDA KOAJ CENTRO MAYOR;COMERCIAL;1,04607E+13;CAJERO(A) 42 H;0;0;;;;;;ENERO;2026
42260;VP SENIOR DE COMERCIAL;DIRECCION VENTAS BOGOTA;;544 TIENDA KOAJ CENTRO MAYOR II;COMERCIAL;1,04222E+13;CAJERO(A) TC;2;2;;;;;2;ENERO;2026
42260;VP SENIOR DE COMERCIAL;DIRECCION VENTAS BOGOTA;;544 TIENDA KOAJ CENTRO MAYOR II;COMERCIAL;1,04223E+13;CAJERO(A) 36 H;1;1;;;;;3;ENERO;2026
42260;VP SENIOR DE COMERCIAL;DIRECCION VENTAS BOGOTA;;544 TIENDA KOAJ CENTRO MAYOR II;COMERCIAL;1,04517E+13;STAFF COMERCIAL 36H;6;6;;;;;13;ENERO;2026
42260;VP SENIOR DE COMERCIAL;DIRECCION VENTAS BOGOTA;;544 TIENDA KOAJ CENTRO MAYOR II;COMERCIAL;1,04518E+13;STAFF COMERCIAL TC;8;8;;;;;8;ENERO;2026
42260;VP SENIOR DE COMERCIAL;DIRECCION VENTAS BOGOTA;;544 TIENDA KOAJ CENTRO MAYOR II;COMERCIAL;1,0211E+13;COADMINISTRADOR(A) DE TIENDA;1;1;;;;;1;ENERO;2026
42261;VP SENIOR DE COMERCIAL;DIRECCION VENTAS BOGOTA;;545 TIENDA KOAJ TITAN III;COMERCIAL;1,04518E+13;STAFF COMERCIAL TC;19;19;1;;;;20;ENERO;2026
42261;VP SENIOR DE COMERCIAL;DIRECCION VENTAS BOGOTA;;545 TIENDA KOAJ TITAN III;COMERCIAL;1,02058E+13;ADMINISTRADOR(A) DE TIENDA;2;2;;;;;1;ENERO;2026
42261;VP SENIOR DE COMERCIAL;DIRECCION VENTAS BOGOTA;;545 TIENDA KOAJ TITAN III;COMERCIAL;1,0211E+13;COADMINISTRADOR(A) DE TIENDA;0;0;;;;;1;ENERO;2026
42261;VP SENIOR DE COMERCIAL;DIRECCION VENTAS BOGOTA;;545 TIENDA KOAJ TITAN III;COMERCIAL;1,02502E+13;PARTNER COMERCIAL;2;2;;;;;1;ENERO;2026
42261;VP SENIOR DE COMERCIAL;DIRECCION VENTAS BOGOTA;;545 TIENDA KOAJ TITAN III;COMERCIAL;1,04223E+13;CAJERO(A) 36 H;0;4;;;;;4;ENERO;2026
42261;VP SENIOR DE COMERCIAL;DIRECCION VENTAS BOGOTA;;545 TIENDA KOAJ TITAN III;COMERCIAL;1,04222E+13;CAJERO(A) TC;8;7;;;;;8;ENERO;2026
42261;VP SENIOR DE COMERCIAL;DIRECCION VENTAS BOGOTA;;545 TIENDA KOAJ TITAN III;COMERCIAL;1,04517E+13;STAFF COMERCIAL 36H;13;13;;;;;25;ENERO;2026
42261;VP SENIOR DE COMERCIAL;DIRECCION VENTAS BOGOTA;;545 TIENDA KOAJ TITAN III;COMERCIAL;1,04275E+13;ASESOR(A) DE VENTAS 48 H;0;0;;;;;0;ENERO;2026
42261;;;;545 TIENDA KOAJ TITAN III;COMERCIAL;1,04608E+13;VENDEDOR(A);6;9;;;;;;ENERO;2026
42263;VP SENIOR DE COMERCIAL;DIRECCION VENTAS BOGOTA;;547 TIENDA KOAJ PERDOMO;COMERCIAL;1,02058E+13;ADMINISTRADOR(A) DE TIENDA;1;1;;;;;1;ENERO;2026
42263;VP SENIOR DE COMERCIAL;DIRECCION VENTAS BOGOTA;;547 TIENDA KOAJ PERDOMO;COMERCIAL;1,0211E+13;COADMINISTRADOR(A) DE TIENDA;1;1;;;;;1;ENERO;2026
42263;VP SENIOR DE COMERCIAL;DIRECCION VENTAS BOGOTA;;547 TIENDA KOAJ PERDOMO;COMERCIAL;1,04223E+13;CAJERO(A) 36 H;1;1;;;;;2;ENERO;2026
42263;VP SENIOR DE COMERCIAL;DIRECCION VENTAS BOGOTA;;547 TIENDA KOAJ PERDOMO;COMERCIAL;1,04222E+13;CAJERO(A) TC;2;2;;;;;2;ENERO;2026
42263;VP SENIOR DE COMERCIAL;DIRECCION VENTAS BOGOTA;;547 TIENDA KOAJ PERDOMO;COMERCIAL;1,04517E+13;STAFF COMERCIAL 36H;8;9;;;;;10;ENERO;2026
42263;VP SENIOR DE COMERCIAL;DIRECCION VENTAS BOGOTA;;547 TIENDA KOAJ PERDOMO;COMERCIAL;1,04518E+13;STAFF COMERCIAL TC;5;4;;;;;5;ENERO;2026
42267;;;;549 TIENDA KOAJ CARRERA DECIMA II;COMERCIAL;1,02058E+13;ADMINISTRADOR(A) DE TIENDA;1;1;;;;;;ENERO;2026
42267;;;;549 TIENDA KOAJ CARRERA DECIMA II;COMERCIAL;1,0211E+13;COADMINISTRADOR(A) DE TIENDA;1;1;;;;;;ENERO;2026
42267;;;;549 TIENDA KOAJ CARRERA DECIMA II;COMERCIAL;1,04222E+13;CAJERO(A) TC;2;2;;;;;2;ENERO;2026
42267;;;;549 TIENDA KOAJ CARRERA DECIMA II;COMERCIAL;1,04223E+13;CAJERO(A) 36 H;1;1;;;;;;ENERO;2026
42267;;;;549 TIENDA KOAJ CARRERA DECIMA II;COMERCIAL;1,04518E+13;STAFF COMERCIAL TC;2;2;;;;;;ENERO;2026
42267;;;;549 TIENDA KOAJ CARRERA DECIMA II;COMERCIAL;1,04517E+13;STAFF COMERCIAL 36H;6;6;;;;;;ENERO;2026
42240;VP SENIOR DE COMERCIAL;DIRECCION VENTAS BOGOTA;;096 TIENDA KOAJ LA VICTORIA;COMERCIAL;1,04222E+13;CAJERO(A) TC;2;2;;;;;;ENERO;2026
42229;VP SENIOR DE COMERCIAL;DIRECCION VENTAS BOGOTA;;093 TIENDA KOAJ SALITRE N;COMERCIAL;1,02502E+13;PARTNER COMERCIAL;0;0;;;;;0;ENERO;2026
42021;VP SENIOR DE COMERCIAL;DIRECCION VENTAS BOGOTA;;002 TIENDA KOAJ 2;;1,04222E+13;CAJERO(A) TC;2;2;;;;;2;FEBRERO;2026
42021;VP SENIOR DE COMERCIAL;DIRECCION VENTAS BOGOTA;;002 TIENDA KOAJ 2;;1,0211E+13;COADMINISTRADOR(A) DE TIENDA;1;1;;;;;1;FEBRERO;2026
42021;VP SENIOR DE COMERCIAL;DIRECCION VENTAS BOGOTA;;002 TIENDA KOAJ 2;;1,04517E+13;STAFF COMERCIAL 36H;4;3;;;;;4;FEBRERO;2026
42021;VP SENIOR DE COMERCIAL;DIRECCION VENTAS BOGOTA;;002 TIENDA KOAJ 2;;1,04518E+13;STAFF COMERCIAL TC;3;4;;;;;3;FEBRERO;2026
42021;VP SENIOR DE COMERCIAL;DIRECCION VENTAS BOGOTA;;002 TIENDA KOAJ 2;;1,02058E+13;ADMINISTRADOR(A) DE TIENDA;1;1;;;;;1;FEBRERO;2026
42021;VP SENIOR DE COMERCIAL;DIRECCION VENTAS BOGOTA;;002 TIENDA KOAJ 2                                                                            ;;1,04223E+13;CAJERO(A) 36 H;1;1;;;;;1;FEBRERO;2026
42022;VP SENIOR DE COMERCIAL;DIRECCION VENTAS BOGOTA;;003 TIENDA KOAJ 4;;1,02058E+13;ADMINISTRADOR(A) DE TIENDA;1;1;;;;;1;FEBRERO;2026
42022;VP SENIOR DE COMERCIAL;DIRECCION VENTAS BOGOTA;;003 TIENDA KOAJ 4;;1,04222E+13;CAJERO(A) TC;2;2;;;;;2;FEBRERO;2026
42022;VP SENIOR DE COMERCIAL;DIRECCION VENTAS BOGOTA;;003 TIENDA KOAJ 4;;1,0211E+13;COADMINISTRADOR(A) DE TIENDA;1;1;;;;;1;FEBRERO;2026
42022;VP SENIOR DE COMERCIAL;DIRECCION VENTAS BOGOTA;;003 TIENDA KOAJ 4;;1,04517E+13;STAFF COMERCIAL 36H;5;3;;;;;3;FEBRERO;2026
42022;VP SENIOR DE COMERCIAL;DIRECCION VENTAS BOGOTA;;003 TIENDA KOAJ 4;;1,04518E+13;STAFF COMERCIAL TC;2;4;;2;;;4;FEBRERO;2026
42022;VP SENIOR DE COMERCIAL;DIRECCION VENTAS BOGOTA;;003 TIENDA KOAJ 4                                                                            ;;1,04223E+13;CAJERO(A) 36 H;0;1;;;;;1;FEBRERO;2026
42122;VP SENIOR DE COMERCIAL;DIRECCION VENTAS BOGOTA;;009 TIENDA KOAJ GALERIAS;;1,02058E+13;ADMINISTRADOR(A) DE TIENDA;1;1;;;;;1;FEBRERO;2026
42122;VP SENIOR DE COMERCIAL;DIRECCION VENTAS BOGOTA;;009 TIENDA KOAJ GALERIAS;;1,04223E+13;CAJERO(A) 36 H;2;0;;;;;2;FEBRERO;2026
42122;VP SENIOR DE COMERCIAL;DIRECCION VENTAS BOGOTA;;009 TIENDA KOAJ GALERIAS;;1,0211E+13;COADMINISTRADOR(A) DE TIENDA;1;1;;;;;1;FEBRERO;2026
42122;VP SENIOR DE COMERCIAL;DIRECCION VENTAS BOGOTA;;009 TIENDA KOAJ GALERIAS;;1,04517E+13;STAFF COMERCIAL 36H;2;2;;;;;2;FEBRERO;2026
42122;VP SENIOR DE COMERCIAL;DIRECCION VENTAS BOGOTA;;009 TIENDA KOAJ GALERIAS;;1,04518E+13;STAFF COMERCIAL TC;4;3;;;;;4;FEBRERO;2026
42122;VP SENIOR DE COMERCIAL;DIRECCION VENTAS BOGOTA;;009 TIENDA KOAJ GALERIAS;;1,04222E+13;CAJERO(A) TC;1;2;;;;;1;FEBRERO;2026
42118;VP SENIOR DE COMERCIAL;DIRECCION VENTAS BOGOTA;;012 TIENDA KOAJ SUBA IMPERIAL;;1,02058E+13;ADMINISTRADOR(A) DE TIENDA;2;1;;;;;2;FEBRERO;2026
42118;VP SENIOR DE COMERCIAL;DIRECCION VENTAS BOGOTA;;012 TIENDA KOAJ SUBA IMPERIAL;;1,04223E+13;CAJERO(A) 36 H;5;5;;;;;5;FEBRERO;2026
42118;VP SENIOR DE COMERCIAL;DIRECCION VENTAS BOGOTA;;012 TIENDA KOAJ SUBA IMPERIAL;;1,04222E+13;CAJERO(A) TC;6;5;;;;;6;FEBRERO;2026
42118;VP SENIOR DE COMERCIAL;DIRECCION VENTAS BOGOTA;;012 TIENDA KOAJ SUBA IMPERIAL;;1,0211E+13;COADMINISTRADOR(A) DE TIENDA;0;1;;;;;0;FEBRERO;2026
42118;VP SENIOR DE COMERCIAL;DIRECCION VENTAS BOGOTA;;012 TIENDA KOAJ SUBA IMPERIAL;;1,02502E+13;PARTNER COMERCIAL;2;1;;;;;2;FEBRERO;2026
42118;VP SENIOR DE COMERCIAL;DIRECCION VENTAS BOGOTA;;012 TIENDA KOAJ SUBA IMPERIAL;;1,04517E+13;STAFF COMERCIAL 36H;13;20;;;;;13;FEBRERO;2026
42118;VP SENIOR DE COMERCIAL;DIRECCION VENTAS BOGOTA;;012 TIENDA KOAJ SUBA IMPERIAL;;1,04518E+13;STAFF COMERCIAL TC;17;20;;1;;;18;FEBRERO;2026
42118;VP SENIOR DE COMERCIAL;DIRECCION VENTAS BOGOTA;;012 TIENDA KOAJ SUBA IMPERIAL;;1,04608E+13;VENDEDOR(A);9;0;;;;;;FEBRERO;2026
42059;VP SENIOR DE COMERCIAL;DIRECCION VENTAS BOGOTA;;026 TIENDA KOAJ SAN MARTIN P2;;1,02058E+13;ADMINISTRADOR(A) DE TIENDA;1;1;;;;;1;FEBRERO;2026
42059;VP SENIOR DE COMERCIAL;DIRECCION VENTAS BOGOTA;;026 TIENDA KOAJ SAN MARTIN P2;;1,04223E+13;CAJERO(A) 36 H;1;1;;;;;1;FEBRERO;2026
42059;VP SENIOR DE COMERCIAL;DIRECCION VENTAS BOGOTA;;026 TIENDA KOAJ SAN MARTIN P2;;1,0211E+13;COADMINISTRADOR(A) DE TIENDA;1;1;;;;;1;FEBRERO;2026
42059;VP SENIOR DE COMERCIAL;DIRECCION VENTAS BOGOTA;;026 TIENDA KOAJ SAN MARTIN P2;;1,04517E+13;STAFF COMERCIAL 36H;4;2;;;;;4;FEBRERO;2026
42059;VP SENIOR DE COMERCIAL;DIRECCION VENTAS BOGOTA;;026 TIENDA KOAJ SAN MARTIN P2;;1,04518E+13;STAFF COMERCIAL TC;2;3;;;;;2;FEBRERO;2026
42059;VP SENIOR DE COMERCIAL;DIRECCION VENTAS BOGOTA;;026 TIENDA KOAJ SAN MARTIN P2;;1,04222E+13;CAJERO(A) TC;2;2;;;;;2;FEBRERO;2026
41029;VP SENIOR DE COMERCIAL;DIRECCION VENTAS BOGOTA;;031 TIENDA KOAJ CAFAM FLORESTA;;1,02058E+13;ADMINISTRADOR(A) DE TIENDA;1;1;;;;;1;FEBRERO;2026
41029;VP SENIOR DE COMERCIAL;DIRECCION VENTAS BOGOTA;;031 TIENDA KOAJ CAFAM FLORESTA;;1,04223E+13;CAJERO(A) 36 H;0;1;;;;;0;FEBRERO;2026
41029;VP SENIOR DE COMERCIAL;DIRECCION VENTAS BOGOTA;;031 TIENDA KOAJ CAFAM FLORESTA;;1,0211E+13;COADMINISTRADOR(A) DE TIENDA;1;1;;;;;1;FEBRERO;2026
41029;VP SENIOR DE COMERCIAL;DIRECCION VENTAS BOGOTA;;031 TIENDA KOAJ CAFAM FLORESTA;;1,04517E+13;STAFF COMERCIAL 36H;2;1;;;;;2;FEBRERO;2026
41029;VP SENIOR DE COMERCIAL;DIRECCION VENTAS BOGOTA;;031 TIENDA KOAJ CAFAM FLORESTA;;1,04518E+13;STAFF COMERCIAL TC;3;3;;1;;;4;FEBRERO;2026
41029;VP SENIOR DE COMERCIAL;DIRECCION VENTAS BOGOTA;;031 TIENDA KOAJ CAFAM FLORESTA;;1,04222E+13;CAJERO(A) TC;2;1;;;;;2;FEBRERO;2026
42126;VP SENIOR DE COMERCIAL;DIRECCION VENTAS BOGOTA;;036 TIENDA KOAJ UNICENTRO BOGOTA;;1,02058E+13;ADMINISTRADOR(A) DE TIENDA;1;1;;;;;1;FEBRERO;2026
42126;VP SENIOR DE COMERCIAL;DIRECCION VENTAS BOGOTA;;036 TIENDA KOAJ UNICENTRO BOGOTA;;1,04223E+13;CAJERO(A) 36 H;1;1;;;;;1;FEBRERO;2026
42126;VP SENIOR DE COMERCIAL;DIRECCION VENTAS BOGOTA;;036 TIENDA KOAJ UNICENTRO BOGOTA;;1,04222E+13;CAJERO(A) TC;2;2;;;;;2;FEBRERO;2026
42126;VP SENIOR DE COMERCIAL;DIRECCION VENTAS BOGOTA;;036 TIENDA KOAJ UNICENTRO BOGOTA;;1,0211E+13;COADMINISTRADOR(A) DE TIENDA;1;1;;;;;1;FEBRERO;2026
42126;VP SENIOR DE COMERCIAL;DIRECCION VENTAS BOGOTA;;036 TIENDA KOAJ UNICENTRO BOGOTA;;1,02524E+12;PARTNER COMERCIAL;;1;;;;;;FEBRERO;2026
42126;VP SENIOR DE COMERCIAL;DIRECCION VENTAS BOGOTA;;036 TIENDA KOAJ UNICENTRO BOGOTA;;1,04517E+13;STAFF COMERCIAL 36H;4;4;;;;;4;FEBRERO;2026
42126;VP SENIOR DE COMERCIAL;DIRECCION VENTAS BOGOTA;;036 TIENDA KOAJ UNICENTRO BOGOTA;;1,04518E+13;STAFF COMERCIAL TC;6;4;;2;;;6;FEBRERO;2026
42135;VP SENIOR DE COMERCIAL;DIRECCION VENTAS BOGOTA;;037 TIENDA KOAJ CALLE 18 MONTEVIDEO;;1,02058E+13;ADMINISTRADOR(A) DE TIENDA;1;1;;;;;1;FEBRERO;2026
42135;VP SENIOR DE COMERCIAL;DIRECCION VENTAS BOGOTA;;037 TIENDA KOAJ CALLE 18 MONTEVIDEO;;1,04223E+13;CAJERO(A) 36 H;0;0;;;;;0;FEBRERO;2026
42135;VP SENIOR DE COMERCIAL;DIRECCION VENTAS BOGOTA;;037 TIENDA KOAJ CALLE 18 MONTEVIDEO;;1,0211E+13;COADMINISTRADOR(A) DE TIENDA;1;1;;;;;1;FEBRERO;2026
42135;VP SENIOR DE COMERCIAL;DIRECCION VENTAS BOGOTA;;037 TIENDA KOAJ CALLE 18 MONTEVIDEO;;1,04517E+13;STAFF COMERCIAL 36H;4;0;;;;;4;FEBRERO;2026
42135;VP SENIOR DE COMERCIAL;DIRECCION VENTAS BOGOTA;;037 TIENDA KOAJ CALLE 18 MONTEVIDEO;;1,04518E+13;STAFF COMERCIAL TC;2;5;;;;;2;FEBRERO;2026
42135;VP SENIOR DE COMERCIAL;DIRECCION VENTAS BOGOTA;;037 TIENDA KOAJ CALLE 18 MONTEVIDEO;;1,04222E+13;CAJERO(A) TC;2;2;;;;;2;FEBRERO;2026
42095;VP SENIOR DE COMERCIAL;DIRECCION VENTAS BOGOTA;;041 TIENDA KOAJ CRA 62 N;;1,02058E+13;ADMINISTRADOR(A) DE TIENDA;2;1;;;;;2;FEBRERO;2026
42095;VP SENIOR DE COMERCIAL;DIRECCION VENTAS BOGOTA;;041 TIENDA KOAJ CRA 62 N;;1,04223E+13;CAJERO(A) 36 H;4;4;;;;;4;FEBRERO;2026
42095;VP SENIOR DE COMERCIAL;DIRECCION VENTAS BOGOTA;;041 TIENDA KOAJ CRA 62 N;;1,04222E+13;CAJERO(A) TC;5;3;;;;;5;FEBRERO;2026
42095;VP SENIOR DE COMERCIAL;DIRECCION VENTAS BOGOTA;;041 TIENDA KOAJ CRA 62 N;;1,0211E+13;COADMINISTRADOR(A) DE TIENDA;0;1;;;;;0;FEBRERO;2026
42095;VP SENIOR DE COMERCIAL;DIRECCION VENTAS BOGOTA;;041 TIENDA KOAJ CRA 62 N;;1,02502E+13;PARTNER COMERCIAL;1;1;;;;;1;FEBRERO;2026
42095;VP SENIOR DE COMERCIAL;DIRECCION VENTAS BOGOTA;;041 TIENDA KOAJ CRA 62 N;;1,04517E+13;STAFF COMERCIAL 36H;10;7;;;;;10;FEBRERO;2026
42095;VP SENIOR DE COMERCIAL;DIRECCION VENTAS BOGOTA;;041 TIENDA KOAJ CRA 62 N;;1,04518E+13;STAFF COMERCIAL TC;15;16;;;;;15;FEBRERO;2026
42095;;;;041 TIENDA KOAJ CRA 62 N;;1,04608E+13;VENDEDOR(A);7;0;;;;;;FEBRERO;2026
42096;VP SENIOR DE COMERCIAL;DIRECCION VENTAS BOGOTA;;042 TIENDA KOAJ CENTRO MAYOR;;1,02058E+13;ADMINISTRADOR(A) DE TIENDA;2;1;;;;;2;FEBRERO;2026
42096;VP SENIOR DE COMERCIAL;DIRECCION VENTAS BOGOTA;;042 TIENDA KOAJ CENTRO MAYOR;;1,04223E+13;CAJERO(A) 36 H;5;4;;;;;5;FEBRERO;2026
42096;VP SENIOR DE COMERCIAL;DIRECCION VENTAS BOGOTA;;042 TIENDA KOAJ CENTRO MAYOR;;1,04222E+13;CAJERO(A) TC;5;5;;;;;5;FEBRERO;2026
42096;VP SENIOR DE COMERCIAL;DIRECCION VENTAS BOGOTA;;042 TIENDA KOAJ CENTRO MAYOR;;1,0211E+13;COADMINISTRADOR(A) DE TIENDA;0;1;;;;;0;FEBRERO;2026
42096;VP SENIOR DE COMERCIAL;DIRECCION VENTAS BOGOTA;;042 TIENDA KOAJ CENTRO MAYOR;;1,02502E+13;PARTNER COMERCIAL;1;1;;;;;1;FEBRERO;2026
42096;VP SENIOR DE COMERCIAL;DIRECCION VENTAS BOGOTA;;042 TIENDA KOAJ CENTRO MAYOR;;1,04517E+13;STAFF COMERCIAL 36H;12;14;;;;;;FEBRERO;2026
42096;VP SENIOR DE COMERCIAL;DIRECCION VENTAS BOGOTA;;042 TIENDA KOAJ CENTRO MAYOR;;1,04518E+13;STAFF COMERCIAL TC;18;18;;1;;;19;FEBRERO;2026
42260;VP SENIOR DE COMERCIAL;DIRECCION VENTAS BOGOTA;;544 TIENDA KOAJ CENTRO MAYOR II;;1,02058E+13;ADMINISTRADOR(A) DE TIENDA;0;0;;;;;0;FEBRERO;2026
42096;;;;042 TIENDA KOAJ CENTRO MAYOR;;1,04608E+13;VENDEDOR(A);5;0;;;;;;FEBRERO;2026
42131;VP SENIOR DE COMERCIAL;DIRECCION VENTAS BOGOTA;;054 TIENDA KOAJ CALIMA BOGOTA;;1,02058E+13;ADMINISTRADOR(A) DE TIENDA;1;1;;;;;1;FEBRERO;2026
42131;VP SENIOR DE COMERCIAL;DIRECCION VENTAS BOGOTA;;054 TIENDA KOAJ CALIMA BOGOTA;;1,04223E+13;CAJERO(A) 36 H;2;2;;;;;2;FEBRERO;2026
42131;VP SENIOR DE COMERCIAL;DIRECCION VENTAS BOGOTA;;054 TIENDA KOAJ CALIMA BOGOTA;;1,04222E+13;CAJERO(A) TC;2;2;;;;;2;FEBRERO;2026
42131;VP SENIOR DE COMERCIAL;DIRECCION VENTAS BOGOTA;;054 TIENDA KOAJ CALIMA BOGOTA;;1,0211E+13;COADMINISTRADOR(A) DE TIENDA;1;1;;;;;1;FEBRERO;2026
42131;VP SENIOR DE COMERCIAL;DIRECCION VENTAS BOGOTA;;054 TIENDA KOAJ CALIMA BOGOTA;;1,02502E+13;PARTNER COMERCIAL;1;1;;;;;1;FEBRERO;2026
42131;VP SENIOR DE COMERCIAL;DIRECCION VENTAS BOGOTA;;054 TIENDA KOAJ CALIMA BOGOTA;;1,04517E+13;STAFF COMERCIAL 36H;4;4;;;;;10;FEBRERO;2026
42131;VP SENIOR DE COMERCIAL;DIRECCION VENTAS BOGOTA;;054 TIENDA KOAJ CALIMA BOGOTA;;1,04518E+13;STAFF COMERCIAL TC;7;7;;;;;7;FEBRERO;2026
42131;;;;054 TIENDA KOAJ CALIMA BOGOTA;;1,04608E+13;VENDEDOR(A);3;0;;;;;;FEBRERO;2026
42138;VP SENIOR DE COMERCIAL;DIRECCION VENTAS BOGOTA;;056 TIENDA KOAJ DIVER PLAZA;;1,02058E+13;ADMINISTRADOR(A) DE TIENDA;1;1;;;;;1;FEBRERO;2026
42138;VP SENIOR DE COMERCIAL;DIRECCION VENTAS BOGOTA;;056 TIENDA KOAJ DIVER PLAZA;;1,04223E+13;CAJERO(A) 36 H;1;1;;;;;1;FEBRERO;2026
42138;VP SENIOR DE COMERCIAL;DIRECCION VENTAS BOGOTA;;056 TIENDA KOAJ DIVER PLAZA;;1,04222E+13;CAJERO(A) TC;2;1;;;;;2;FEBRERO;2026
42138;VP SENIOR DE COMERCIAL;DIRECCION VENTAS BOGOTA;;056 TIENDA KOAJ DIVER PLAZA;;1,0211E+13;COADMINISTRADOR(A) DE TIENDA;1;1;;;;;1;FEBRERO;2026
42138;VP SENIOR DE COMERCIAL;DIRECCION VENTAS BOGOTA;;056 TIENDA KOAJ DIVER PLAZA;;1,04517E+13;STAFF COMERCIAL 36H;3;2;;;;;7;FEBRERO;2026
42138;VP SENIOR DE COMERCIAL;DIRECCION VENTAS BOGOTA;;056 TIENDA KOAJ DIVER PLAZA;;1,04518E+13;STAFF COMERCIAL TC;7;5;;;;;7;FEBRERO;2026
42138;VP SENIOR DE COMERCIAL;DIRECCION VENTAS BOGOTA;;056 TIENDA KOAJ DIVER PLAZA;;1,02502E+13;PARTNER COMERCIAL;0;1;;;;;1;FEBRERO;2026
42146;VP SENIOR DE COMERCIAL;DIRECCION VENTAS BOGOTA;;060 TIENDA KOAJ CHAPINERO;;1,02058E+13;ADMINISTRADOR(A) DE TIENDA;1;1;;;;;1;FEBRERO;2026
42146;VP SENIOR DE COMERCIAL;DIRECCION VENTAS BOGOTA;;060 TIENDA KOAJ CHAPINERO;;1,04223E+13;CAJERO(A) 36 H;1;1;;;;;1;FEBRERO;2026
42146;VP SENIOR DE COMERCIAL;DIRECCION VENTAS BOGOTA;;060 TIENDA KOAJ CHAPINERO;;1,04222E+13;CAJERO(A) TC;2;2;;;;;2;FEBRERO;2026
42146;VP SENIOR DE COMERCIAL;DIRECCION VENTAS BOGOTA;;060 TIENDA KOAJ CHAPINERO;;1,0211E+13;COADMINISTRADOR(A) DE TIENDA;1;1;;;;;1;FEBRERO;2026
42146;VP SENIOR DE COMERCIAL;DIRECCION VENTAS BOGOTA;;060 TIENDA KOAJ CHAPINERO;;1,04517E+13;STAFF COMERCIAL 36H;4;3;;;;;6;FEBRERO;2026
42146;VP SENIOR DE COMERCIAL;DIRECCION VENTAS BOGOTA;;060 TIENDA KOAJ CHAPINERO;;1,04518E+13;STAFF COMERCIAL TC;6;5;;;;;6;FEBRERO;2026
42162;VP SENIOR DE COMERCIAL;DIRECCION VENTAS BOGOTA;;068  TIENDA KOAJ HAYUELOS;;1,02058E+13;ADMINISTRADOR(A) DE TIENDA;1;1;;;;;1;FEBRERO;2026
42162;VP SENIOR DE COMERCIAL;DIRECCION VENTAS BOGOTA;;068  TIENDA KOAJ HAYUELOS;;1,04223E+13;CAJERO(A) 36 H;1;1;;;;;2;FEBRERO;2026
42162;VP SENIOR DE COMERCIAL;DIRECCION VENTAS BOGOTA;;068  TIENDA KOAJ HAYUELOS;;1,04222E+13;CAJERO(A) TC;2;2;;;;;2;FEBRERO;2026
42162;VP SENIOR DE COMERCIAL;DIRECCION VENTAS BOGOTA;;068  TIENDA KOAJ HAYUELOS;;1,0211E+13;COADMINISTRADOR(A) DE TIENDA;1;1;;;;;1;FEBRERO;2026
42162;VP SENIOR DE COMERCIAL;DIRECCION VENTAS BOGOTA;;068  TIENDA KOAJ HAYUELOS;;1,04517E+13;STAFF COMERCIAL 36H;4;2;;;;;7;FEBRERO;2026
42162;VP SENIOR DE COMERCIAL;DIRECCION VENTAS BOGOTA;;068  TIENDA KOAJ HAYUELOS;;1,04518E+13;STAFF COMERCIAL TC;6;5;1;;;;7;FEBRERO;2026
42162;VP SENIOR DE COMERCIAL;DIRECCION VENTAS BOGOTA;;068  TIENDA KOAJ HAYUELOS;;1,02502E+13;PARTNER COMERCIAL;0;0;;;;;1;FEBRERO;2026
42170;VP SENIOR DE COMERCIAL;DIRECCION VENTAS BOGOTA;;070 TIENDA KOAJ TINTAL;;1,02058E+13;ADMINISTRADOR(A) DE TIENDA;1;1;;;;;1;FEBRERO;2026
42170;VP SENIOR DE COMERCIAL;DIRECCION VENTAS BOGOTA;;070 TIENDA KOAJ TINTAL;;1,04223E+13;CAJERO(A) 36 H;2;2;;;;;3;FEBRERO;2026
42170;VP SENIOR DE COMERCIAL;DIRECCION VENTAS BOGOTA;;070 TIENDA KOAJ TINTAL;;1,04222E+13;CAJERO(A) TC;3;2;;;;;3;FEBRERO;2026
42170;VP SENIOR DE COMERCIAL;DIRECCION VENTAS BOGOTA;;070 TIENDA KOAJ TINTAL;;1,0211E+13;COADMINISTRADOR(A) DE TIENDA;1;1;;;;;1;FEBRERO;2026
42170;VP SENIOR DE COMERCIAL;DIRECCION VENTAS BOGOTA;;070 TIENDA KOAJ TINTAL;;1,02502E+13;PARTNER COMERCIAL;1;1;;;;;1;FEBRERO;2026
42170;VP SENIOR DE COMERCIAL;DIRECCION VENTAS BOGOTA;;070 TIENDA KOAJ TINTAL;;1,04517E+13;STAFF COMERCIAL 36H;2;5;;;;;10;FEBRERO;2026
42170;VP SENIOR DE COMERCIAL;DIRECCION VENTAS BOGOTA;;070 TIENDA KOAJ TINTAL;;1,04518E+13;STAFF COMERCIAL TC;11;5;;1;;;11;FEBRERO;2026
42167;VP SENIOR DE COMERCIAL;DIRECCION VENTAS BOGOTA;;073 TIENDA URBANA MICENTRO - EL PORVEN;;1,02058E+13;ADMINISTRADOR(A) DE TIENDA;1;1;;;;;1;FEBRERO;2026
42167;VP SENIOR DE COMERCIAL;DIRECCION VENTAS BOGOTA;;073 TIENDA URBANA MICENTRO - EL PORVEN;;1,04223E+13;CAJERO(A) 36 H;1;1;;;;;2;FEBRERO;2026
42167;VP SENIOR DE COMERCIAL;DIRECCION VENTAS BOGOTA;;073 TIENDA URBANA MICENTRO - EL PORVEN;;1,04222E+13;CAJERO(A) TC;2;2;;;;;2;FEBRERO;2026
42167;VP SENIOR DE COMERCIAL;DIRECCION VENTAS BOGOTA;;073 TIENDA URBANA MICENTRO - EL PORVEN;;1,0211E+13;COADMINISTRADOR(A) DE TIENDA;1;1;;;;;1;FEBRERO;2026
42167;VP SENIOR DE COMERCIAL;DIRECCION VENTAS BOGOTA;;073 TIENDA URBANA MICENTRO - EL PORVEN;;1,04517E+13;STAFF COMERCIAL 36H;8;2;;;;;8;FEBRERO;2026
42167;VP SENIOR DE COMERCIAL;DIRECCION VENTAS BOGOTA;;073 TIENDA URBANA MICENTRO - EL PORVEN;;1,04518E+13;STAFF COMERCIAL TC;3;4;;;;;3;FEBRERO;2026
42167;VP SENIOR DE COMERCIAL;DIRECCION VENTAS BOGOTA;;073 TIENDA URBANA MICENTRO - EL PORVEN;;1,02502E+13;PARTNER COMERCIAL;0;0;;;;;1;FEBRERO;2026
42184;VP SENIOR DE COMERCIAL;DIRECCION VENTAS BOGOTA;;076 TIENDA KOAJ SANTAFE 1;;1,02058E+13;ADMINISTRADOR(A) DE TIENDA;2;1;;;;;1;FEBRERO;2026
42184;VP SENIOR DE COMERCIAL;DIRECCION VENTAS BOGOTA;;076 TIENDA KOAJ SANTAFE 1;;1,04223E+13;CAJERO(A) 36 H;1;2;;;;;2;FEBRERO;2026
42184;VP SENIOR DE COMERCIAL;DIRECCION VENTAS BOGOTA;;076 TIENDA KOAJ SANTAFE 1;;1,04222E+13;CAJERO(A) TC;3;2;;;;;3;FEBRERO;2026
42184;VP SENIOR DE COMERCIAL;DIRECCION VENTAS BOGOTA;;076 TIENDA KOAJ SANTAFE 1;;1,0211E+13;COADMINISTRADOR(A) DE TIENDA;0;1;;;;;1;FEBRERO;2026
42184;VP SENIOR DE COMERCIAL;DIRECCION VENTAS BOGOTA;;076 TIENDA KOAJ SANTAFE 1;;1,02502E+13;PARTNER COMERCIAL;1;1;;;;;1;FEBRERO;2026
42184;VP SENIOR DE COMERCIAL;DIRECCION VENTAS BOGOTA;;076 TIENDA KOAJ SANTAFE 1;;1,04517E+13;STAFF COMERCIAL 36H;5;7;;;;;13;FEBRERO;2026
42184;VP SENIOR DE COMERCIAL;DIRECCION VENTAS BOGOTA;;076 TIENDA KOAJ SANTAFE 1;;1,04518E+13;STAFF COMERCIAL TC;8;7;;;;;8;FEBRERO;2026
42184;VP SENIOR DE COMERCIAL;DIRECCION VENTAS BOGOTA;;076 TIENDA KOAJ SANTAFE 1;;1,04608E+13;VENDEDOR(A);1;0;;;;;;FEBRERO;2026
42194;VP SENIOR DE COMERCIAL;DIRECCION VENTAS BOGOTA;;079 TIENDA KOAJ PLAZA DE LAS AMERICAS 1;;1,02058E+13;ADMINISTRADOR(A) DE TIENDA;1;1;;;;;1;FEBRERO;2026
42194;VP SENIOR DE COMERCIAL;DIRECCION VENTAS BOGOTA;;079 TIENDA KOAJ PLAZA DE LAS AMERICAS 1;;1,04223E+13;CAJERO(A) 36 H;2;2;;;;;3;FEBRERO;2026
42194;VP SENIOR DE COMERCIAL;DIRECCION VENTAS BOGOTA;;079 TIENDA KOAJ PLAZA DE LAS AMERICAS 1;;1,04222E+13;CAJERO(A) TC;2;2;1;;;;3;FEBRERO;2026
42194;VP SENIOR DE COMERCIAL;DIRECCION VENTAS BOGOTA;;079 TIENDA KOAJ PLAZA DE LAS AMERICAS 1;;1,0211E+13;COADMINISTRADOR(A) DE TIENDA;1;1;;;;;1;FEBRERO;2026
42194;VP SENIOR DE COMERCIAL;DIRECCION VENTAS BOGOTA;;079 TIENDA KOAJ PLAZA DE LAS AMERICAS 1;;1,02502E+13;PARTNER COMERCIAL;1;1;;;;;1;FEBRERO;2026
42194;VP SENIOR DE COMERCIAL;DIRECCION VENTAS BOGOTA;;079 TIENDA KOAJ PLAZA DE LAS AMERICAS 1;;1,04517E+13;STAFF COMERCIAL 36H;6;4;;;;;9;FEBRERO;2026
42194;VP SENIOR DE COMERCIAL;DIRECCION VENTAS BOGOTA;;079 TIENDA KOAJ PLAZA DE LAS AMERICAS 1;;1,04518E+13;STAFF COMERCIAL TC;7;5;;;;;7;FEBRERO;2026
42168;VP SENIOR DE COMERCIAL;DIRECCION VENTAS BOGOTA;;081 TIENDA KOAJ K-60;;1,02058E+13;ADMINISTRADOR(A) DE TIENDA;2;1;;;;;1;FEBRERO;2026
42168;VP SENIOR DE COMERCIAL;DIRECCION VENTAS BOGOTA;;081 TIENDA KOAJ K-60;;1,04223E+13;CAJERO(A) 36 H;4;4;;;;;6;FEBRERO;2026
42168;VP SENIOR DE COMERCIAL;DIRECCION VENTAS BOGOTA;;081 TIENDA KOAJ K-60;;1,04222E+13;CAJERO(A) TC;4;3;;;;;4;FEBRERO;2026
42168;VP SENIOR DE COMERCIAL;DIRECCION VENTAS BOGOTA;;081 TIENDA KOAJ K-60;;1,0211E+13;COADMINISTRADOR(A) DE TIENDA;0;1;;;;;1;FEBRERO;2026
42168;VP SENIOR DE COMERCIAL;DIRECCION VENTAS BOGOTA;;081 TIENDA KOAJ K-60;;1,02502E+13;PARTNER COMERCIAL;1;1;;;;;1;FEBRERO;2026
42168;VP SENIOR DE COMERCIAL;DIRECCION VENTAS BOGOTA;;081 TIENDA KOAJ K-60;;1,04517E+13;STAFF COMERCIAL 36H;11;7;;;;;25;FEBRERO;2026
42168;VP SENIOR DE COMERCIAL;DIRECCION VENTAS BOGOTA;;081 TIENDA KOAJ K-60;;1,04518E+13;STAFF COMERCIAL TC;17;16;;;;;17;FEBRERO;2026
42168;;;;081 TIENDA KOAJ K-60;;1,04608E+13;VENDEDOR(A);4;0;;;;;;FEBRERO;2026
42198;VP SENIOR DE COMERCIAL;DIRECCION VENTAS BOGOTA;;083 TIENDA KOAJ CENTRO BOGOTA;;1,02058E+13;ADMINISTRADOR(A) DE TIENDA;1;1;;;;;1;FEBRERO;2026
42198;VP SENIOR DE COMERCIAL;DIRECCION VENTAS BOGOTA;;083 TIENDA KOAJ CENTRO BOGOTA;;1,04223E+13;CAJERO(A) 36 H;1;1;;;;;2;FEBRERO;2026
42198;VP SENIOR DE COMERCIAL;DIRECCION VENTAS BOGOTA;;083 TIENDA KOAJ CENTRO BOGOTA;;1,04222E+13;CAJERO(A) TC;2;2;;;;;2;FEBRERO;2026
42198;VP SENIOR DE COMERCIAL;DIRECCION VENTAS BOGOTA;;083 TIENDA KOAJ CENTRO BOGOTA;;1,0211E+13;COADMINISTRADOR(A) DE TIENDA;1;1;;;;;1;FEBRERO;2026
42198;VP SENIOR DE COMERCIAL;DIRECCION VENTAS BOGOTA;;083 TIENDA KOAJ CENTRO BOGOTA;;1,04517E+13;STAFF COMERCIAL 36H;5;3;;;;;8;FEBRERO;2026
42198;VP SENIOR DE COMERCIAL;DIRECCION VENTAS BOGOTA;;083 TIENDA KOAJ CENTRO BOGOTA;;1,04518E+13;STAFF COMERCIAL TC;7;6;1;;;;8;FEBRERO;2026
42198;VP SENIOR DE COMERCIAL;DIRECCION VENTAS BOGOTA;;083 TIENDA KOAJ CENTRO BOGOTA;;1,02502E+13;PARTNER COMERCIAL;0;0;;;;;1;FEBRERO;2026
42216;VP SENIOR DE COMERCIAL;DIRECCION VENTAS BOGOTA;;086 TIENDA KOAJ KENNEDY 1;;1,02058E+13;ADMINISTRADOR(A) DE TIENDA;1;1;;;;;1;FEBRERO;2026
42216;VP SENIOR DE COMERCIAL;DIRECCION VENTAS BOGOTA;;086 TIENDA KOAJ KENNEDY 1;;1,04223E+13;CAJERO(A) 36 H;1;1;;;;;1;FEBRERO;2026
42216;VP SENIOR DE COMERCIAL;DIRECCION VENTAS BOGOTA;;086 TIENDA KOAJ KENNEDY 1;;1,04222E+13;CAJERO(A) TC;2;2;;;;;2;FEBRERO;2026
42216;VP SENIOR DE COMERCIAL;DIRECCION VENTAS BOGOTA;;086 TIENDA KOAJ KENNEDY 1;;1,0211E+13;COADMINISTRADOR(A) DE TIENDA;1;1;;;;;1;FEBRERO;2026
42216;VP SENIOR DE COMERCIAL;DIRECCION VENTAS BOGOTA;;086 TIENDA KOAJ KENNEDY 1;;1,04517E+13;STAFF COMERCIAL 36H;6;3;;;;;6;FEBRERO;2026
42216;VP SENIOR DE COMERCIAL;DIRECCION VENTAS BOGOTA;;086 TIENDA KOAJ KENNEDY 1;;1,04518E+13;STAFF COMERCIAL TC;2;4;;;;;2;FEBRERO;2026
42219;VP SENIOR DE COMERCIAL;DIRECCION VENTAS BOGOTA;;087 TIENDA KOAJ SANTAFE 2;;1,02058E+13;ADMINISTRADOR(A) DE TIENDA;0;0;;;;;1;FEBRERO;2026
42219;VP SENIOR DE COMERCIAL;DIRECCION VENTAS BOGOTA;;087 TIENDA KOAJ SANTAFE 2;;1,04223E+13;CAJERO(A) 36 H;2;2;;;;;1;FEBRERO;2026
42219;VP SENIOR DE COMERCIAL;DIRECCION VENTAS BOGOTA;;087 TIENDA KOAJ SANTAFE 2;;1,0211E+13;COADMINISTRADOR(A) DE TIENDA;1;1;;;;;1;FEBRERO;2026
42219;VP SENIOR DE COMERCIAL;DIRECCION VENTAS BOGOTA;;087 TIENDA KOAJ SANTAFE 2;;1,04517E+13;STAFF COMERCIAL 36H;2;2;;;;;5;FEBRERO;2026
42219;VP SENIOR DE COMERCIAL;DIRECCION VENTAS BOGOTA;;087 TIENDA KOAJ SANTAFE 2;;1,04518E+13;STAFF COMERCIAL TC;4;3;;;;;4;FEBRERO;2026
42219;VP SENIOR DE COMERCIAL;DIRECCION VENTAS BOGOTA;;087 TIENDA KOAJ SANTAFE 2                                                           ;;1,04222E+13;CAJERO(A) TC;1;1;;;;;1;FEBRERO;2026
42219;VP SENIOR DE COMERCIAL;DIRECCION VENTAS BOGOTA;;087 TIENDA KOAJ SANTAFE 2;;1,02502E+13;PARTNER COMERCIAL;1;0;;;;;0;FEBRERO;2026
42224;VP SENIOR DE COMERCIAL;DIRECCION VENTAS BOGOTA;;090 TIENDA KOAJ KENNEDY 2;;1,02058E+13;ADMINISTRADOR(A) DE TIENDA;1;1;;;;;1;FEBRERO;2026
42224;VP SENIOR DE COMERCIAL;DIRECCION VENTAS BOGOTA;;090 TIENDA KOAJ KENNEDY 2;;1,04222E+13;CAJERO(A) TC;2;2;;;;;2;FEBRERO;2026
42224;VP SENIOR DE COMERCIAL;DIRECCION VENTAS BOGOTA;;090 TIENDA KOAJ KENNEDY 2;;1,0211E+13;COADMINISTRADOR(A) DE TIENDA;1;1;;;;;1;FEBRERO;2026
42224;VP SENIOR DE COMERCIAL;DIRECCION VENTAS BOGOTA;;090 TIENDA KOAJ KENNEDY 2;;1,04517E+13;STAFF COMERCIAL 36H;4;4;;;;;7;FEBRERO;2026
42224;VP SENIOR DE COMERCIAL;DIRECCION VENTAS BOGOTA;;090 TIENDA KOAJ KENNEDY 2;;1,04518E+13;STAFF COMERCIAL TC;3;4;;;;;3;FEBRERO;2026
42224;VP SENIOR DE COMERCIAL;DIRECCION VENTAS BOGOTA;;090 TIENDA KOAJ KENNEDY 2;;1,04607E+13;CAJERO(A) 42 H;0;0;;;;;;FEBRERO;2026
42224;VP SENIOR DE COMERCIAL;DIRECCION VENTAS BOGOTA;;090 TIENDA KOAJ KENNEDY 2                                                          ;;1,04223E+13;CAJERO(A) 36 H;2;1;;;;;2;FEBRERO;2026
42224;VP SENIOR DE COMERCIAL;DIRECCION VENTAS BOGOTA;;090 TIENDA KOAJ KENNEDY 2;;1,02502E+13;PARTNER COMERCIAL;1;1;;;;;1;FEBRERO;2026
42227;VP SENIOR DE COMERCIAL;DIRECCION VENTAS BOGOTA;;092 TIENDA KOAJ COLINA;;1,02058E+13;ADMINISTRADOR(A) DE TIENDA;1;1;;;;;1;FEBRERO;2026
42227;VP SENIOR DE COMERCIAL;DIRECCION VENTAS BOGOTA;;092 TIENDA KOAJ COLINA;;1,04223E+13;CAJERO(A) 36 H;1;1;;;;;1;FEBRERO;2026
42227;VP SENIOR DE COMERCIAL;DIRECCION VENTAS BOGOTA;;092 TIENDA KOAJ COLINA;;1,04222E+13;CAJERO(A) TC;2;2;;;;;2;FEBRERO;2026
42227;VP SENIOR DE COMERCIAL;DIRECCION VENTAS BOGOTA;;092 TIENDA KOAJ COLINA;;1,0211E+13;COADMINISTRADOR(A) DE TIENDA;1;1;;;;;1;FEBRERO;2026
42227;VP SENIOR DE COMERCIAL;DIRECCION VENTAS BOGOTA;;092 TIENDA KOAJ COLINA;;1,04517E+13;STAFF COMERCIAL 36H;2;3;;;;;;FEBRERO;2026
42227;VP SENIOR DE COMERCIAL;DIRECCION VENTAS BOGOTA;;092 TIENDA KOAJ COLINA;;1,04518E+13;STAFF COMERCIAL TC;5;3;;;;;5;FEBRERO;2026
42229;VP SENIOR DE COMERCIAL;DIRECCION VENTAS BOGOTA;;093 TIENDA KOAJ SALITRE N;;1,02058E+13;ADMINISTRADOR(A) DE TIENDA;1;1;;;;;1;FEBRERO;2026
42229;VP SENIOR DE COMERCIAL;DIRECCION VENTAS BOGOTA;;093 TIENDA KOAJ SALITRE N;;1,04222E+13;CAJERO(A) TC;2;2;;;;;2;FEBRERO;2026
42229;VP SENIOR DE COMERCIAL;DIRECCION VENTAS BOGOTA;;093 TIENDA KOAJ SALITRE N;;1,02502E+13;PARTNER COMERCIAL;;1;;;;;;FEBRERO;2026
42229;VP SENIOR DE COMERCIAL;DIRECCION VENTAS BOGOTA;;093 TIENDA KOAJ SALITRE N;;1,0211E+13;COADMINISTRADOR(A) DE TIENDA;1;1;;;;;1;FEBRERO;2026
42229;VP SENIOR DE COMERCIAL;DIRECCION VENTAS BOGOTA;;093 TIENDA KOAJ SALITRE N;;1,04517E+13;STAFF COMERCIAL 36H;4;3;;;;;4;FEBRERO;2026
42229;VP SENIOR DE COMERCIAL;DIRECCION VENTAS BOGOTA;;093 TIENDA KOAJ SALITRE N;;1,04518E+13;STAFF COMERCIAL TC;7;5;;;;;7;FEBRERO;2026
42229;VP SENIOR DE COMERCIAL;DIRECCION VENTAS BOGOTA;;093 TIENDA KOAJ SALITRE N;;1,04223E+13;CAJERO(A) 36 H;1;1;;;;;1;FEBRERO;2026
42195;VP SENIOR DE COMERCIAL;DIRECCION VENTAS BOGOTA;;178 TIENDA KOAJ PLAZA DE LAS AMERICAS 2;;1,04341E+13;ASESOR(A) DE VENTAS 36 H;0;0;;;;;0;FEBRERO;2026
42235;VP SENIOR DE COMERCIAL;DIRECCION VENTAS BOGOTA;;094 TIENDA KOAJ GRAN PLAZA BOSA;;1,02058E+13;ADMINISTRADOR(A) DE TIENDA;1;1;;;;;1;FEBRERO;2026
42235;VP SENIOR DE COMERCIAL;DIRECCION VENTAS BOGOTA;;094 TIENDA KOAJ GRAN PLAZA BOSA;;1,04223E+13;CAJERO(A) 36 H;2;1;;;;;2;FEBRERO;2026
42235;VP SENIOR DE COMERCIAL;DIRECCION VENTAS BOGOTA;;094 TIENDA KOAJ GRAN PLAZA BOSA;;1,04222E+13;CAJERO(A) TC;2;2;;;;;2;FEBRERO;2026
42235;VP SENIOR DE COMERCIAL;DIRECCION VENTAS BOGOTA;;094 TIENDA KOAJ GRAN PLAZA BOSA;;1,0211E+13;COADMINISTRADOR(A) DE TIENDA;1;1;;;;;1;FEBRERO;2026
42235;VP SENIOR DE COMERCIAL;DIRECCION VENTAS BOGOTA;;094 TIENDA KOAJ GRAN PLAZA BOSA;;1,04517E+13;STAFF COMERCIAL 36H;8;4;;;;;8;FEBRERO;2026
42235;VP SENIOR DE COMERCIAL;DIRECCION VENTAS BOGOTA;;094 TIENDA KOAJ GRAN PLAZA BOSA;;1,04518E+13;STAFF COMERCIAL TC;3;3;;;;;3;FEBRERO;2026
42235;VP SENIOR DE COMERCIAL;DIRECCION VENTAS BOGOTA;;094 TIENDA KOAJ GRAN PLAZA BOSA;;1,02502E+13;PARTNER COMERCIAL;0;0;;;;;1;FEBRERO;2026
42237;VP SENIOR DE COMERCIAL;DIRECCION VENTAS BOGOTA;;095 TIENDA KOAJ 20 DE JULIO;;1,02058E+13;ADMINISTRADOR(A) DE TIENDA;1;1;;;;;1;FEBRERO;2026
42237;VP SENIOR DE COMERCIAL;DIRECCION VENTAS BOGOTA;;095 TIENDA KOAJ 20 DE JULIO;;1,04223E+13;CAJERO(A) 36 H;1;1;;;;;1;FEBRERO;2026
42237;VP SENIOR DE COMERCIAL;DIRECCION VENTAS BOGOTA;;095 TIENDA KOAJ 20 DE JULIO;;1,04222E+13;CAJERO(A) TC;2;2;;;;;2;FEBRERO;2026
42237;VP SENIOR DE COMERCIAL;DIRECCION VENTAS BOGOTA;;095 TIENDA KOAJ 20 DE JULIO;;1,0211E+13;COADMINISTRADOR(A) DE TIENDA;1;1;;;;;1;FEBRERO;2026
42237;VP SENIOR DE COMERCIAL;DIRECCION VENTAS BOGOTA;;095 TIENDA KOAJ 20 DE JULIO;;1,04517E+13;STAFF COMERCIAL 36H;6;3;;;;;7;FEBRERO;2026
42237;VP SENIOR DE COMERCIAL;DIRECCION VENTAS BOGOTA;;095 TIENDA KOAJ 20 DE JULIO;;1,04518E+13;STAFF COMERCIAL TC;4;4;;;;;4;FEBRERO;2026
42240;VP SENIOR DE COMERCIAL;DIRECCION VENTAS BOGOTA;;096 TIENDA KOAJ LA VICTORIA;;1,02058E+13;ADMINISTRADOR(A) DE TIENDA;1;1;;;;;1;FEBRERO;2026
42240;VP SENIOR DE COMERCIAL;DIRECCION VENTAS BOGOTA;;096 TIENDA KOAJ LA VICTORIA;;1,04223E+13;CAJERO(A) 36 H;1;0;1;;;;2;FEBRERO;2026
42195;VP SENIOR DE COMERCIAL;DIRECCION VENTAS BOGOTA;;178 TIENDA KOAJ PLAZA DE LAS AMERICAS 2;;1,04275E+13;ASESOR(A) DE VENTAS 48 H;0;0;;;;;0;FEBRERO;2026
42240;VP SENIOR DE COMERCIAL;DIRECCION VENTAS BOGOTA;;096 TIENDA KOAJ LA VICTORIA;;1,0211E+13;COADMINISTRADOR(A) DE TIENDA;1;1;;;;;1;FEBRERO;2026
42240;VP SENIOR DE COMERCIAL;DIRECCION VENTAS BOGOTA;;096 TIENDA KOAJ LA VICTORIA;;1,04517E+13;STAFF COMERCIAL 36H;4;3;;;;;6;FEBRERO;2026
42240;VP SENIOR DE COMERCIAL;DIRECCION VENTAS BOGOTA;;096 TIENDA KOAJ LA VICTORIA;;1,04518E+13;STAFF COMERCIAL TC;6;4;;;;;6;FEBRERO;2026
42241;VP SENIOR DE COMERCIAL;DIRECCION VENTAS BOGOTA;;097 TIENDA KOAJ GRAN PLAZA ENSUEÑO;;1,02058E+13;ADMINISTRADOR(A) DE TIENDA;1;1;;;;;1;FEBRERO;2026
42241;VP SENIOR DE COMERCIAL;DIRECCION VENTAS BOGOTA;;097 TIENDA KOAJ GRAN PLAZA ENSUEÑO;;1,04222E+13;CAJERO(A) TC;2;2;;;;;2;FEBRERO;2026
42241;VP SENIOR DE COMERCIAL;DIRECCION VENTAS BOGOTA;;097 TIENDA KOAJ GRAN PLAZA ENSUEÑO;;1,0211E+13;COADMINISTRADOR(A) DE TIENDA;1;1;;;;;1;FEBRERO;2026
42241;VP SENIOR DE COMERCIAL;DIRECCION VENTAS BOGOTA;;097 TIENDA KOAJ GRAN PLAZA ENSUEÑO;;1,02502E+13;PARTNER COMERCIAL;1;0;;;;;1;FEBRERO;2026
42241;VP SENIOR DE COMERCIAL;DIRECCION VENTAS BOGOTA;;097 TIENDA KOAJ GRAN PLAZA ENSUEÑO;;1,04517E+13;STAFF COMERCIAL 36H;9;4;;;;;9;FEBRERO;2026
42241;VP SENIOR DE COMERCIAL;DIRECCION VENTAS BOGOTA;;097 TIENDA KOAJ GRAN PLAZA ENSUEÑO;;1,04518E+13;STAFF COMERCIAL TC;5;4;1;;;;6;FEBRERO;2026
42241;VP SENIOR DE COMERCIAL;DIRECCION VENTAS BOGOTA;;097 TIENDA KOAJ GRAN PLAZA ENSUEÑO;;1,04223E+13;CAJERO(A) 36 H;2;2;;;;;2;FEBRERO;2026
42243;VP SENIOR DE COMERCIAL;DIRECCION VENTAS BOGOTA;;098 TIENDA KOAJ ALAMOS;;1,02058E+13;ADMINISTRADOR(A) DE TIENDA;1;1;;;;;1;FEBRERO;2026
42243;VP SENIOR DE COMERCIAL;DIRECCION VENTAS BOGOTA;;098 TIENDA KOAJ ALAMOS;;1,04222E+13;CAJERO(A) TC;2;2;;;;;2;FEBRERO;2026
42243;VP SENIOR DE COMERCIAL;DIRECCION VENTAS BOGOTA;;098 TIENDA KOAJ ALAMOS;;1,0211E+13;COADMINISTRADOR(A) DE TIENDA;1;1;;;;;1;FEBRERO;2026
42243;VP SENIOR DE COMERCIAL;DIRECCION VENTAS BOGOTA;;098 TIENDA KOAJ ALAMOS;;1,04517E+13;STAFF COMERCIAL 36H;6;2;;;;;6;FEBRERO;2026
42243;VP SENIOR DE COMERCIAL;DIRECCION VENTAS BOGOTA;;098 TIENDA KOAJ ALAMOS;;1,04518E+13;STAFF COMERCIAL TC;2;3;1;;;;3;FEBRERO;2026
42243;VP SENIOR DE COMERCIAL;DIRECCION VENTAS BOGOTA;;098 TIENDA KOAJ ALAMOS                                                               ;;1,04223E+13;CAJERO(A) 36 H;1;1;;;;;1;FEBRERO;2026
42244;VP SENIOR DE COMERCIAL;DIRECCION VENTAS BOGOTA;;099 TIENDA KOAJ SANTA LIBRADA;;1,02058E+13;ADMINISTRADOR(A) DE TIENDA;1;1;;;;;1;FEBRERO;2026
42244;VP SENIOR DE COMERCIAL;DIRECCION VENTAS BOGOTA;;099 TIENDA KOAJ SANTA LIBRADA;;1,04275E+13;ASESOR(A) DE VENTAS 48 H;0;0;;;;;0;FEBRERO;2026
42244;VP SENIOR DE COMERCIAL;DIRECCION VENTAS BOGOTA;;099 TIENDA KOAJ SANTA LIBRADA;;1,04223E+13;CAJERO(A) 36 H;1;0;;;;;1;FEBRERO;2026
42244;VP SENIOR DE COMERCIAL;DIRECCION VENTAS BOGOTA;;099 TIENDA KOAJ SANTA LIBRADA;;1,04222E+13;CAJERO(A) TC;2;2;;;;;2;FEBRERO;2026
42244;VP SENIOR DE COMERCIAL;DIRECCION VENTAS BOGOTA;;099 TIENDA KOAJ SANTA LIBRADA;;1,0211E+13;COADMINISTRADOR(A) DE TIENDA;1;1;;;;;1;FEBRERO;2026
42244;VP SENIOR DE COMERCIAL;DIRECCION VENTAS BOGOTA;;099 TIENDA KOAJ SANTA LIBRADA;;1,04517E+13;STAFF COMERCIAL 36H;6;2;;;;;7;FEBRERO;2026
42244;VP SENIOR DE COMERCIAL;DIRECCION VENTAS BOGOTA;;099 TIENDA KOAJ SANTA LIBRADA;;1,04518E+13;STAFF COMERCIAL TC;4;4;1;;;;5;FEBRERO;2026
42246;VP SENIOR DE COMERCIAL;DIRECCION VENTAS BOGOTA;;100 TIENDA KOAJ CARRERA DECIMA;;1,02058E+13;ADMINISTRADOR(A) DE TIENDA;1;1;;;;;1;FEBRERO;2026
42246;VP SENIOR DE COMERCIAL;DIRECCION VENTAS BOGOTA;;100 TIENDA KOAJ CARRERA DECIMA;;1,04223E+13;CAJERO(A) 36 H;1;1;;;;;1;FEBRERO;2026
42246;VP SENIOR DE COMERCIAL;DIRECCION VENTAS BOGOTA;;100 TIENDA KOAJ CARRERA DECIMA;;1,04222E+13;CAJERO(A) TC;2;2;;;;;2;FEBRERO;2026
42246;VP SENIOR DE COMERCIAL;DIRECCION VENTAS BOGOTA;;100 TIENDA KOAJ CARRERA DECIMA;;1,0211E+13;COADMINISTRADOR(A) DE TIENDA;1;1;;;;;1;FEBRERO;2026
42246;VP SENIOR DE COMERCIAL;DIRECCION VENTAS BOGOTA;;100 TIENDA KOAJ CARRERA DECIMA;;1,04517E+13;STAFF COMERCIAL 36H;6;3;;;;;6;FEBRERO;2026
42246;VP SENIOR DE COMERCIAL;DIRECCION VENTAS BOGOTA;;100 TIENDA KOAJ CARRERA DECIMA;;1,04518E+13;STAFF COMERCIAL TC;2;4;;;;;2;FEBRERO;2026
42036;VP SENIOR DE COMERCIAL;DIRECCION VENTAS BOGOTA;;104 TIENDA KOAJ CALLE 18  CENTRO;;1,02058E+13;ADMINISTRADOR(A) DE TIENDA;1;1;;;;;1;FEBRERO;2026
42036;VP SENIOR DE COMERCIAL;DIRECCION VENTAS BOGOTA;;104 TIENDA KOAJ CALLE 18  CENTRO;;1,04223E+13;CAJERO(A) 36 H;2;0;;;;;1;FEBRERO;2026
42036;VP SENIOR DE COMERCIAL;DIRECCION VENTAS BOGOTA;;104 TIENDA KOAJ CALLE 18  CENTRO;;1,04222E+13;CAJERO(A) TC;1;2;;;;;1;FEBRERO;2026
42036;VP SENIOR DE COMERCIAL;DIRECCION VENTAS BOGOTA;;104 TIENDA KOAJ CALLE 18  CENTRO;;1,0211E+13;COADMINISTRADOR(A) DE TIENDA;1;1;;;;;1;FEBRERO;2026
42036;VP SENIOR DE COMERCIAL;DIRECCION VENTAS BOGOTA;;104 TIENDA KOAJ CALLE 18  CENTRO;;1,04517E+13;STAFF COMERCIAL 36H;2;0;;;;;5;FEBRERO;2026
42036;VP SENIOR DE COMERCIAL;DIRECCION VENTAS BOGOTA;;104 TIENDA KOAJ CALLE 18  CENTRO;;1,04518E+13;STAFF COMERCIAL TC;4;5;;;;;4;FEBRERO;2026
42054;VP SENIOR DE COMERCIAL;DIRECCION VENTAS BOGOTA;;111 TIENDA KOAJ TUNAL;;1,02058E+13;ADMINISTRADOR(A) DE TIENDA;1;1;;;;;1;FEBRERO;2026
42054;VP SENIOR DE COMERCIAL;DIRECCION VENTAS BOGOTA;;111 TIENDA KOAJ TUNAL;;1,04223E+13;CAJERO(A) 36 H;2;0;;;;;1;FEBRERO;2026
42054;VP SENIOR DE COMERCIAL;DIRECCION VENTAS BOGOTA;;111 TIENDA KOAJ TUNAL;;1,04222E+13;CAJERO(A) TC;1;2;;;;;1;FEBRERO;2026
42054;VP SENIOR DE COMERCIAL;DIRECCION VENTAS BOGOTA;;111 TIENDA KOAJ TUNAL;;1,0211E+13;COADMINISTRADOR(A) DE TIENDA;1;1;;;;;1;FEBRERO;2026
42054;VP SENIOR DE COMERCIAL;DIRECCION VENTAS BOGOTA;;111 TIENDA KOAJ TUNAL;;1,04517E+13;STAFF COMERCIAL 36H;4;0;1;;;;4;FEBRERO;2026
42054;VP SENIOR DE COMERCIAL;DIRECCION VENTAS BOGOTA;;111 TIENDA KOAJ TUNAL;;1,04518E+13;STAFF COMERCIAL TC;2;4;;;;;2;FEBRERO;2026
42127;VP SENIOR DE COMERCIAL;DIRECCION VENTAS BOGOTA;;112 TIENDA KOAJ SAUCES;;1,02058E+13;ADMINISTRADOR(A) DE TIENDA;1;1;;;;;1;FEBRERO;2026
42127;VP SENIOR DE COMERCIAL;DIRECCION VENTAS BOGOTA;;112 TIENDA KOAJ SAUCES;;1,04223E+13;CAJERO(A) 36 H;1;1;;;;;2;FEBRERO;2026
42127;VP SENIOR DE COMERCIAL;DIRECCION VENTAS BOGOTA;;112 TIENDA KOAJ SAUCES;;1,04222E+13;CAJERO(A) TC;2;1;;;;;2;FEBRERO;2026
42127;VP SENIOR DE COMERCIAL;DIRECCION VENTAS BOGOTA;;112 TIENDA KOAJ SAUCES;;1,0211E+13;COADMINISTRADOR(A) DE TIENDA;1;1;;;;;1;FEBRERO;2026
42127;VP SENIOR DE COMERCIAL;DIRECCION VENTAS BOGOTA;;112 TIENDA KOAJ SAUCES;;1,04517E+13;STAFF COMERCIAL 36H;3;2;;;;;7;FEBRERO;2026
42127;VP SENIOR DE COMERCIAL;DIRECCION VENTAS BOGOTA;;112 TIENDA KOAJ SAUCES;;1,04518E+13;STAFF COMERCIAL TC;7;4;;;;;7;FEBRERO;2026
42057;VP SENIOR DE COMERCIAL;DIRECCION VENTAS BOGOTA;;119 TIENDA KOAJ SAN MARTIN P1;;1,02058E+13;ADMINISTRADOR(A) DE TIENDA;1;1;;;;;1;FEBRERO;2026
42057;VP SENIOR DE COMERCIAL;DIRECCION VENTAS BOGOTA;;119 TIENDA KOAJ SAN MARTIN P1;;1,04222E+13;CAJERO(A) TC;2;2;;;;;2;FEBRERO;2026
42057;VP SENIOR DE COMERCIAL;DIRECCION VENTAS BOGOTA;;119 TIENDA KOAJ SAN MARTIN P1;;1,0211E+13;COADMINISTRADOR(A) DE TIENDA;1;1;;;;;1;FEBRERO;2026
42057;VP SENIOR DE COMERCIAL;DIRECCION VENTAS BOGOTA;;119 TIENDA KOAJ SAN MARTIN P1;;1,04517E+13;STAFF COMERCIAL 36H;5;2;;;;;5;FEBRERO;2026
42057;VP SENIOR DE COMERCIAL;DIRECCION VENTAS BOGOTA;;119 TIENDA KOAJ SAN MARTIN P1;;1,04518E+13;STAFF COMERCIAL TC;2;3;;;;;2;FEBRERO;2026
42057;VP SENIOR DE COMERCIAL;DIRECCION VENTAS BOGOTA;;119 TIENDA KOAJ SAN MARTIN P1                                                   ;;1,04223E+13;CAJERO(A) 36 H;1;1;;;;;1;FEBRERO;2026
42128;VP SENIOR DE COMERCIAL;DIRECCION VENTAS BOGOTA;;134 TIENDA KOAJ PORTAL 80;;1,02058E+13;ADMINISTRADOR(A) DE TIENDA;1;1;;;;;1;FEBRERO;2026
42128;VP SENIOR DE COMERCIAL;DIRECCION VENTAS BOGOTA;;134 TIENDA KOAJ PORTAL 80;;1,04223E+13;CAJERO(A) 36 H;2;0;;;;;3;FEBRERO;2026
42128;VP SENIOR DE COMERCIAL;DIRECCION VENTAS BOGOTA;;134 TIENDA KOAJ PORTAL 80;;1,04222E+13;CAJERO(A) TC;2;2;;;;;2;FEBRERO;2026
42128;VP SENIOR DE COMERCIAL;DIRECCION VENTAS BOGOTA;;134 TIENDA KOAJ PORTAL 80;;1,0211E+13;COADMINISTRADOR(A) DE TIENDA;1;1;;;;;1;FEBRERO;2026
42128;VP SENIOR DE COMERCIAL;DIRECCION VENTAS BOGOTA;;134 TIENDA KOAJ PORTAL 80;;1,02502E+13;PARTNER COMERCIAL;1;1;;;;;1;FEBRERO;2026
42128;VP SENIOR DE COMERCIAL;DIRECCION VENTAS BOGOTA;;134 TIENDA KOAJ PORTAL 80;;1,04517E+13;STAFF COMERCIAL 36H;5;2;;;;;9;FEBRERO;2026
42128;VP SENIOR DE COMERCIAL;DIRECCION VENTAS BOGOTA;;134 TIENDA KOAJ PORTAL 80;;1,04518E+13;STAFF COMERCIAL TC;7;8;;;;;7;FEBRERO;2026
42128;;;;134 TIENDA KOAJ PORTAL 80;;1,04608E+13;VENDEDOR(A);3;0;;;;;;FEBRERO;2026
42062;VP SENIOR DE COMERCIAL;DIRECCION VENTAS BOGOTA;;138 TIENDA KOAJ PALATINO;;1,02058E+13;ADMINISTRADOR(A) DE TIENDA;1;1;;;;;1;FEBRERO;2026
42062;VP SENIOR DE COMERCIAL;DIRECCION VENTAS BOGOTA;;138 TIENDA KOAJ PALATINO;;1,04222E+13;CAJERO(A) TC;2;2;;;;;2;FEBRERO;2026
42062;VP SENIOR DE COMERCIAL;DIRECCION VENTAS BOGOTA;;138 TIENDA KOAJ PALATINO;;1,0211E+13;COADMINISTRADOR(A) DE TIENDA;1;1;;;;;1;FEBRERO;2026
42062;VP SENIOR DE COMERCIAL;DIRECCION VENTAS BOGOTA;;138 TIENDA KOAJ PALATINO;;1,04517E+13;STAFF COMERCIAL 36H;2;2;;;;;4;FEBRERO;2026
42062;VP SENIOR DE COMERCIAL;DIRECCION VENTAS BOGOTA;;138 TIENDA KOAJ PALATINO;;1,04518E+13;STAFF COMERCIAL TC;3;3;;;;;3;FEBRERO;2026
42062;VP SENIOR DE COMERCIAL;DIRECCION VENTAS BOGOTA;;138 TIENDA KOAJ PALATINO                                                             ;;1,04223E+13;CAJERO(A) 36 H;0;0;;;;;1;FEBRERO;2026
42068;VP SENIOR DE COMERCIAL;DIRECCION VENTAS BOGOTA;;139 TIENDA KOAJ CRA 62 A;;1,02058E+13;ADMINISTRADOR(A) DE TIENDA;1;1;;;;;1;FEBRERO;2026
42068;VP SENIOR DE COMERCIAL;DIRECCION VENTAS BOGOTA;;139 TIENDA KOAJ CRA 62 A;;1,04223E+13;CAJERO(A) 36 H;0;1;;;;;2;FEBRERO;2026
42068;VP SENIOR DE COMERCIAL;DIRECCION VENTAS BOGOTA;;139 TIENDA KOAJ CRA 62 A;;1,04222E+13;CAJERO(A) TC;3;2;;;;;3;FEBRERO;2026
42068;VP SENIOR DE COMERCIAL;DIRECCION VENTAS BOGOTA;;139 TIENDA KOAJ CRA 62 A;;1,0211E+13;COADMINISTRADOR(A) DE TIENDA;1;1;;;;;1;FEBRERO;2026
42068;VP SENIOR DE COMERCIAL;DIRECCION VENTAS BOGOTA;;139 TIENDA KOAJ CRA 62 A;;1,04517E+13;STAFF COMERCIAL 36H;8;4;;;;;8;FEBRERO;2026
42068;VP SENIOR DE COMERCIAL;DIRECCION VENTAS BOGOTA;;139 TIENDA KOAJ CRA 62 A;;1,04518E+13;STAFF COMERCIAL TC;4;4;;;;;4;FEBRERO;2026
42068;VP SENIOR DE COMERCIAL;DIRECCION VENTAS BOGOTA;;139 TIENDA KOAJ CRA 62 A;;1,02502E+13;PARTNER COMERCIAL;1;0;;;;;1;FEBRERO;2026
42147;VP SENIOR DE COMERCIAL;DIRECCION VENTAS BOGOTA;;159 TIENDA KOAJ RESTREPO;;1,02058E+13;ADMINISTRADOR(A) DE TIENDA;2;1;;;;;1;FEBRERO;2026
42147;VP SENIOR DE COMERCIAL;DIRECCION VENTAS BOGOTA;;159 TIENDA KOAJ RESTREPO;;1,04223E+13;CAJERO(A) 36 H;3;2;;;;;4;FEBRERO;2026
42147;VP SENIOR DE COMERCIAL;DIRECCION VENTAS BOGOTA;;159 TIENDA KOAJ RESTREPO;;1,04222E+13;CAJERO(A) TC;4;3;;;;;4;FEBRERO;2026
42147;VP SENIOR DE COMERCIAL;DIRECCION VENTAS BOGOTA;;159 TIENDA KOAJ RESTREPO;;1,0211E+13;COADMINISTRADOR(A) DE TIENDA;0;1;;;;;1;FEBRERO;2026
42147;VP SENIOR DE COMERCIAL;DIRECCION VENTAS BOGOTA;;159 TIENDA KOAJ RESTREPO;;1,02502E+13;PARTNER COMERCIAL;1;1;;;;;1;FEBRERO;2026
42147;VP SENIOR DE COMERCIAL;DIRECCION VENTAS BOGOTA;;159 TIENDA KOAJ RESTREPO;;1,04517E+13;STAFF COMERCIAL 36H;6;8;;;;;14;FEBRERO;2026
42147;VP SENIOR DE COMERCIAL;DIRECCION VENTAS BOGOTA;;159 TIENDA KOAJ RESTREPO;;1,04518E+13;STAFF COMERCIAL TC;10;10;;;;;10;FEBRERO;2026
42147;VP SENIOR DE COMERCIAL;DIRECCION VENTAS BOGOTA;;159 TIENDA KOAJ RESTREPO;;1,04608E+13;VENDEDOR(A);3;0;;;;;;FEBRERO;2026
42163;VP SENIOR DE COMERCIAL;DIRECCION VENTAS BOGOTA;;167 TIENDA KOAJ GRAN ESTACION;;1,02058E+13;ADMINISTRADOR(A) DE TIENDA;1;1;;;;;1;FEBRERO;2026
42163;VP SENIOR DE COMERCIAL;DIRECCION VENTAS BOGOTA;;167 TIENDA KOAJ GRAN ESTACION;;1,04223E+13;CAJERO(A) 36 H;2;2;;;;;2;FEBRERO;2026
42163;VP SENIOR DE COMERCIAL;DIRECCION VENTAS BOGOTA;;167 TIENDA KOAJ GRAN ESTACION;;1,04222E+13;CAJERO(A) TC;2;2;;;;;2;FEBRERO;2026
42163;VP SENIOR DE COMERCIAL;DIRECCION VENTAS BOGOTA;;167 TIENDA KOAJ GRAN ESTACION;;1,0211E+13;COADMINISTRADOR(A) DE TIENDA;1;1;;;;;1;FEBRERO;2026
42163;VP SENIOR DE COMERCIAL;DIRECCION VENTAS BOGOTA;;167 TIENDA KOAJ GRAN ESTACION;;1,02502E+13;PARTNER COMERCIAL;1;1;;;;;1;FEBRERO;2026
42163;VP SENIOR DE COMERCIAL;DIRECCION VENTAS BOGOTA;;167 TIENDA KOAJ GRAN ESTACION;;1,04517E+13;STAFF COMERCIAL 36H;3;3;;;;;8;FEBRERO;2026
42163;VP SENIOR DE COMERCIAL;DIRECCION VENTAS BOGOTA;;167 TIENDA KOAJ GRAN ESTACION;;1,04518E+13;STAFF COMERCIAL TC;7;7;;;;;7;FEBRERO;2026
42163;VP SENIOR DE COMERCIAL;DIRECCION VENTAS BOGOTA;;167 TIENDA KOAJ GRAN ESTACION;;1,04608E+13;VENDEDOR(A);2;0;;;;;;FEBRERO;2026
42169;VP SENIOR DE COMERCIAL;DIRECCION VENTAS BOGOTA;;170 TIENDA KOAJ UNIC. OCCIDENTE;;1,02058E+13;ADMINISTRADOR(A) DE TIENDA;1;1;;;;;1;FEBRERO;2026
42169;VP SENIOR DE COMERCIAL;DIRECCION VENTAS BOGOTA;;170 TIENDA KOAJ UNIC. OCCIDENTE;;1,04223E+13;CAJERO(A) 36 H;2;1;;;;;1;FEBRERO;2026
42169;VP SENIOR DE COMERCIAL;DIRECCION VENTAS BOGOTA;;170 TIENDA KOAJ UNIC. OCCIDENTE;;1,0211E+13;COADMINISTRADOR(A) DE TIENDA;1;1;;;;;1;FEBRERO;2026
42169;VP SENIOR DE COMERCIAL;DIRECCION VENTAS BOGOTA;;170 TIENDA KOAJ UNIC. OCCIDENTE;;1,04517E+13;STAFF COMERCIAL 36H;2;0;;;;;4;FEBRERO;2026
42169;VP SENIOR DE COMERCIAL;DIRECCION VENTAS BOGOTA;;170 TIENDA KOAJ UNIC. OCCIDENTE;;1,04518E+13;STAFF COMERCIAL TC;4;4;;;;;4;FEBRERO;2026
42169;VP SENIOR DE COMERCIAL;DIRECCION VENTAS BOGOTA;;170 TIENDA KOAJ UNIC. OCCIDENTE;;1,04222E+13;CAJERO(A) TC;1;1;;;;;1;FEBRERO;2026
42183;VP SENIOR DE COMERCIAL;DIRECCION VENTAS BOGOTA;;176 TIENDA KOAJ BULEVAR;;1,02058E+13;ADMINISTRADOR(A) DE TIENDA;1;1;;;;;1;FEBRERO;2026
42183;VP SENIOR DE COMERCIAL;DIRECCION VENTAS BOGOTA;;176 TIENDA KOAJ BULEVAR;;1,0211E+13;COADMINISTRADOR(A) DE TIENDA;1;1;;;;;1;FEBRERO;2026
42183;VP SENIOR DE COMERCIAL;DIRECCION VENTAS BOGOTA;;176 TIENDA KOAJ BULEVAR;;1,04517E+13;STAFF COMERCIAL 36H;2;2;;;;;4;FEBRERO;2026
42183;VP SENIOR DE COMERCIAL;DIRECCION VENTAS BOGOTA;;176 TIENDA KOAJ BULEVAR;;1,04518E+13;STAFF COMERCIAL TC;3;3;;;;;3;FEBRERO;2026
42183;VP SENIOR DE COMERCIAL;DIRECCION VENTAS BOGOTA;;176 TIENDA KOAJ BULEVAR                                                              ;;1,04223E+13;CAJERO(A) 36 H;2;0;;;;;1;FEBRERO;2026
42183;VP SENIOR DE COMERCIAL;DIRECCION VENTAS BOGOTA;;176 TIENDA KOAJ BULEVAR                                                              ;;1,04222E+13;CAJERO(A) TC;1;2;;;;;1;FEBRERO;2026
42185;VP SENIOR DE COMERCIAL;DIRECCION VENTAS BOGOTA;;177 TIENDA KOAJ FONTIBON;;1,02058E+13;ADMINISTRADOR(A) DE TIENDA;2;1;;;;;1;FEBRERO;2026
42185;VP SENIOR DE COMERCIAL;DIRECCION VENTAS BOGOTA;;177 TIENDA KOAJ FONTIBON;;1,04223E+13;CAJERO(A) 36 H;1;2;;;;;4;FEBRERO;2026
42185;VP SENIOR DE COMERCIAL;DIRECCION VENTAS BOGOTA;;177 TIENDA KOAJ FONTIBON;;1,04222E+13;CAJERO(A) TC;3;2;;;;;3;FEBRERO;2026
42185;VP SENIOR DE COMERCIAL;DIRECCION VENTAS BOGOTA;;177 TIENDA KOAJ FONTIBON;;1,0211E+13;COADMINISTRADOR(A) DE TIENDA;0;1;;;;;1;FEBRERO;2026
42185;VP SENIOR DE COMERCIAL;DIRECCION VENTAS BOGOTA;;177 TIENDA KOAJ FONTIBON;;1,02502E+13;PARTNER COMERCIAL;1;1;;;;;1;FEBRERO;2026
42185;VP SENIOR DE COMERCIAL;DIRECCION VENTAS BOGOTA;;177 TIENDA KOAJ FONTIBON;;1,04517E+13;STAFF COMERCIAL 36H;6;2;;;;;14;FEBRERO;2026
42185;VP SENIOR DE COMERCIAL;DIRECCION VENTAS BOGOTA;;177 TIENDA KOAJ FONTIBON;;1,04518E+13;STAFF COMERCIAL TC;10;14;;;;;10;FEBRERO;2026
42185;;;;177 TIENDA KOAJ FONTIBON;;1,04608E+13;VENDEDOR(A);2;0;;;;;;FEBRERO;2026
42195;VP SENIOR DE COMERCIAL;DIRECCION VENTAS BOGOTA;;178 TIENDA KOAJ PLAZA DE LAS AMERICAS 2;;1,02058E+13;ADMINISTRADOR(A) DE TIENDA;1;0;;;;;1;FEBRERO;2026
42195;VP SENIOR DE COMERCIAL;DIRECCION VENTAS BOGOTA;;178 TIENDA KOAJ PLAZA DE LAS AMERICAS 2;;1,04275E+13;ASESOR(A) DE VENTAS 48 H;0;0;;;;;;FEBRERO;2026
42195;VP SENIOR DE COMERCIAL;DIRECCION VENTAS BOGOTA;;178 TIENDA KOAJ PLAZA DE LAS AMERICAS 2;;1,04223E+13;CAJERO(A) 36 H;1;0;1;;;;2;FEBRERO;2026
42195;VP SENIOR DE COMERCIAL;DIRECCION VENTAS BOGOTA;;178 TIENDA KOAJ PLAZA DE LAS AMERICAS 2;;1,04222E+13;CAJERO(A) TC;2;2;;;;;2;FEBRERO;2026
42195;VP SENIOR DE COMERCIAL;DIRECCION VENTAS BOGOTA;;178 TIENDA KOAJ PLAZA DE LAS AMERICAS 2;;1,0211E+13;COADMINISTRADOR(A) DE TIENDA;1;1;;;;;1;FEBRERO;2026
42195;VP SENIOR DE COMERCIAL;DIRECCION VENTAS BOGOTA;;178 TIENDA KOAJ PLAZA DE LAS AMERICAS 2;;1,04517E+13;STAFF COMERCIAL 36H;6;0;;;;;6;FEBRERO;2026
42195;VP SENIOR DE COMERCIAL;DIRECCION VENTAS BOGOTA;;178 TIENDA KOAJ PLAZA DE LAS AMERICAS 2;;1,04518E+13;STAFF COMERCIAL TC;2;4;;;;;2;FEBRERO;2026
42212;VP SENIOR DE COMERCIAL;DIRECCION VENTAS BOGOTA;;179 TIENDA KOAJ BOSA CENTRO;;1,02058E+13;ADMINISTRADOR(A) DE TIENDA;1;1;;;;;1;FEBRERO;2026
42212;VP SENIOR DE COMERCIAL;DIRECCION VENTAS BOGOTA;;179 TIENDA KOAJ BOSA CENTRO;;1,04223E+13;CAJERO(A) 36 H;1;1;;;;;1;FEBRERO;2026
42212;VP SENIOR DE COMERCIAL;DIRECCION VENTAS BOGOTA;;179 TIENDA KOAJ BOSA CENTRO;;1,04222E+13;CAJERO(A) TC;2;2;;;;;2;FEBRERO;2026
42212;VP SENIOR DE COMERCIAL;DIRECCION VENTAS BOGOTA;;179 TIENDA KOAJ BOSA CENTRO;;1,02502E+13;PARTNER COMERCIAL;;1;;;;;;FEBRERO;2026
42212;VP SENIOR DE COMERCIAL;DIRECCION VENTAS BOGOTA;;179 TIENDA KOAJ BOSA CENTRO;;1,0211E+13;COADMINISTRADOR(A) DE TIENDA;1;1;;;;;1;FEBRERO;2026
42212;VP SENIOR DE COMERCIAL;DIRECCION VENTAS BOGOTA;;179 TIENDA KOAJ BOSA CENTRO;;1,04517E+13;STAFF COMERCIAL 36H;8;2;;;;;8;FEBRERO;2026
42212;VP SENIOR DE COMERCIAL;DIRECCION VENTAS BOGOTA;;179 TIENDA KOAJ BOSA CENTRO;;1,04518E+13;STAFF COMERCIAL TC;3;4;;;;;3;FEBRERO;2026
42186;VP SENIOR DE COMERCIAL;DIRECCION VENTAS BOGOTA;;180 TIENDA KOAJ MERCURIO;;1,02058E+13;ADMINISTRADOR(A) DE TIENDA;2;1;;;;;1;FEBRERO;2026
42186;VP SENIOR DE COMERCIAL;DIRECCION VENTAS BOGOTA;;180 TIENDA KOAJ MERCURIO;;1,04223E+13;CAJERO(A) 36 H;2;2;;;;;2;FEBRERO;2026
42186;VP SENIOR DE COMERCIAL;DIRECCION VENTAS BOGOTA;;180 TIENDA KOAJ MERCURIO;;1,04222E+13;CAJERO(A) TC;4;2;;;;;4;FEBRERO;2026
42186;VP SENIOR DE COMERCIAL;DIRECCION VENTAS BOGOTA;;180 TIENDA KOAJ MERCURIO;;1,0211E+13;COADMINISTRADOR(A) DE TIENDA;0;1;;;;;1;FEBRERO;2026
42186;VP SENIOR DE COMERCIAL;DIRECCION VENTAS BOGOTA;;180 TIENDA KOAJ MERCURIO;;1,02502E+13;PARTNER COMERCIAL;1;1;;;;;1;FEBRERO;2026
42186;VP SENIOR DE COMERCIAL;DIRECCION VENTAS BOGOTA;;180 TIENDA KOAJ MERCURIO;;1,04517E+13;STAFF COMERCIAL 36H;8;6;1;;;;14;FEBRERO;2026
42186;VP SENIOR DE COMERCIAL;DIRECCION VENTAS BOGOTA;;180 TIENDA KOAJ MERCURIO;;1,04518E+13;STAFF COMERCIAL TC;10;8;;;;;10;FEBRERO;2026
42202;VP SENIOR DE COMERCIAL;DIRECCION VENTAS BOGOTA;;184 TIENDA KOAJ TOBERIN;;1,02058E+13;ADMINISTRADOR(A) DE TIENDA;2;1;;;;;1;FEBRERO;2026
42202;VP SENIOR DE COMERCIAL;DIRECCION VENTAS BOGOTA;;184 TIENDA KOAJ TOBERIN;;1,04222E+13;CAJERO(A) TC;3;3;;;;;3;FEBRERO;2026
42202;VP SENIOR DE COMERCIAL;DIRECCION VENTAS BOGOTA;;184 TIENDA KOAJ TOBERIN;;1,0211E+13;COADMINISTRADOR(A) DE TIENDA;0;1;;;;;1;FEBRERO;2026
42202;VP SENIOR DE COMERCIAL;DIRECCION VENTAS BOGOTA;;184 TIENDA KOAJ TOBERIN;;1,02502E+13;PARTNER COMERCIAL;1;1;;;;;1;FEBRERO;2026
42202;VP SENIOR DE COMERCIAL;DIRECCION VENTAS BOGOTA;;184 TIENDA KOAJ TOBERIN;;1,04517E+13;STAFF COMERCIAL 36H;5;11;;;;;15;FEBRERO;2026
42202;VP SENIOR DE COMERCIAL;DIRECCION VENTAS BOGOTA;;184 TIENDA KOAJ TOBERIN;;1,04518E+13;STAFF COMERCIAL TC;12;11;;;;;12;FEBRERO;2026
42202;VP SENIOR DE COMERCIAL;DIRECCION VENTAS BOGOTA;;184 TIENDA KOAJ TOBERIN;;1,04608E+13;VENDEDOR(A);1;0;;;;;;FEBRERO;2026
42202;VP SENIOR DE COMERCIAL;DIRECCION VENTAS BOGOTA;;184 TIENDA KOAJ TOBERIN                                                              ;;1,04223E+13;CAJERO(A) 36 H;2;2;;;;;4;FEBRERO;2026
42220;VP SENIOR DE COMERCIAL;DIRECCION VENTAS BOGOTA;;187 TIENDA KOAJ LAS FERIAS;;1,02058E+13;ADMINISTRADOR(A) DE TIENDA;1;1;;;;;1;FEBRERO;2026
42220;VP SENIOR DE COMERCIAL;DIRECCION VENTAS BOGOTA;;187 TIENDA KOAJ LAS FERIAS;;1,04222E+13;CAJERO(A) TC;2;1;;;;;2;FEBRERO;2026
42220;VP SENIOR DE COMERCIAL;DIRECCION VENTAS BOGOTA;;187 TIENDA KOAJ LAS FERIAS;;1,0211E+13;COADMINISTRADOR(A) DE TIENDA;1;1;;;;;1;FEBRERO;2026
42220;VP SENIOR DE COMERCIAL;DIRECCION VENTAS BOGOTA;;187 TIENDA KOAJ LAS FERIAS;;1,02502E+13;PARTNER COMERCIAL;;1;;;;;;FEBRERO;2026
42220;VP SENIOR DE COMERCIAL;DIRECCION VENTAS BOGOTA;;187 TIENDA KOAJ LAS FERIAS;;1,04517E+13;STAFF COMERCIAL 36H;2;2;;;;;6;FEBRERO;2026
42220;VP SENIOR DE COMERCIAL;DIRECCION VENTAS BOGOTA;;187 TIENDA KOAJ LAS FERIAS;;1,04518E+13;STAFF COMERCIAL TC;7;4;;;;;7;FEBRERO;2026
42220;VP SENIOR DE COMERCIAL;DIRECCION VENTAS BOGOTA;;187 TIENDA KOAJ LAS FERIAS;;1,04223E+13;CAJERO(A) 36 H;1;1;;;;;1;FEBRERO;2026
42197;VP SENIOR DE COMERCIAL;DIRECCION VENTAS BOGOTA;;189 TIENDA KOAJ MONTEVIDEO;;1,02058E+13;ADMINISTRADOR(A) DE TIENDA;1;1;;;;;1;FEBRERO;2026
42197;VP SENIOR DE COMERCIAL;DIRECCION VENTAS BOGOTA;;189 TIENDA KOAJ MONTEVIDEO;;1,04222E+13;CAJERO(A) TC;2;2;;;;;2;FEBRERO;2026
42197;VP SENIOR DE COMERCIAL;DIRECCION VENTAS BOGOTA;;189 TIENDA KOAJ MONTEVIDEO;;1,0211E+13;COADMINISTRADOR(A) DE TIENDA;1;1;;;;;1;FEBRERO;2026
42197;VP SENIOR DE COMERCIAL;DIRECCION VENTAS BOGOTA;;189 TIENDA KOAJ MONTEVIDEO;;1,04517E+13;STAFF COMERCIAL 36H;4;3;;;;;4;FEBRERO;2026
42197;VP SENIOR DE COMERCIAL;DIRECCION VENTAS BOGOTA;;189 TIENDA KOAJ MONTEVIDEO;;1,04518E+13;STAFF COMERCIAL TC;2;4;;;;;2;FEBRERO;2026
42197;VP SENIOR DE COMERCIAL;DIRECCION VENTAS BOGOTA;;189 TIENDA KOAJ MONTEVIDEO                                                      ;;1,04223E+13;CAJERO(A) 36 H;1;1;;;;;1;FEBRERO;2026
42226;VP SENIOR DE COMERCIAL;DIRECCION VENTAS BOGOTA;;191 TIENDA KOAJ PLAZA CENTRAL;;1,02058E+13;ADMINISTRADOR(A) DE TIENDA;1;1;;;;;1;FEBRERO;2026
42226;VP SENIOR DE COMERCIAL;DIRECCION VENTAS BOGOTA;;191 TIENDA KOAJ PLAZA CENTRAL;;1,04223E+13;CAJERO(A) 36 H;2;1;;;;;3;FEBRERO;2026
42226;VP SENIOR DE COMERCIAL;DIRECCION VENTAS BOGOTA;;191 TIENDA KOAJ PLAZA CENTRAL;;1,04222E+13;CAJERO(A) TC;3;2;;;;;3;FEBRERO;2026
42226;VP SENIOR DE COMERCIAL;DIRECCION VENTAS BOGOTA;;191 TIENDA KOAJ PLAZA CENTRAL;;1,0211E+13;COADMINISTRADOR(A) DE TIENDA;1;1;;;;;1;FEBRERO;2026
42226;VP SENIOR DE COMERCIAL;DIRECCION VENTAS BOGOTA;;191 TIENDA KOAJ PLAZA CENTRAL;;1,02502E+13;PARTNER COMERCIAL;1;1;;;;;1;FEBRERO;2026
42226;VP SENIOR DE COMERCIAL;DIRECCION VENTAS BOGOTA;;191 TIENDA KOAJ PLAZA CENTRAL;;1,04517E+13;STAFF COMERCIAL 36H;3;4;;;;;10;FEBRERO;2026
42226;VP SENIOR DE COMERCIAL;DIRECCION VENTAS BOGOTA;;191 TIENDA KOAJ PLAZA CENTRAL;;1,04518E+13;STAFF COMERCIAL TC;8;8;;;;;8;FEBRERO;2026
42226;;;;191 TIENDA KOAJ PLAZA CENTRAL;;1,04608E+13;VENDEDOR(A);2;0;;;;;;FEBRERO;2026
42234;VP SENIOR DE COMERCIAL;DIRECCION VENTAS BOGOTA;;193 TIENDA KOAJ LA FELICIDAD;;1,02058E+13;ADMINISTRADOR(A) DE TIENDA;2;1;;;;;1;FEBRERO;2026
42234;VP SENIOR DE COMERCIAL;DIRECCION VENTAS BOGOTA;;193 TIENDA KOAJ LA FELICIDAD;;1,04223E+13;CAJERO(A) 36 H;2;2;;;;;4;FEBRERO;2026
42234;VP SENIOR DE COMERCIAL;DIRECCION VENTAS BOGOTA;;193 TIENDA KOAJ LA FELICIDAD;;1,04222E+13;CAJERO(A) TC;3;2;;;;;3;FEBRERO;2026
42234;VP SENIOR DE COMERCIAL;DIRECCION VENTAS BOGOTA;;193 TIENDA KOAJ LA FELICIDAD;;1,0211E+13;COADMINISTRADOR(A) DE TIENDA;0;1;;;;;1;FEBRERO;2026
42234;VP SENIOR DE COMERCIAL;DIRECCION VENTAS BOGOTA;;193 TIENDA KOAJ LA FELICIDAD;;1,02502E+13;PARTNER COMERCIAL;1;1;;;;;1;FEBRERO;2026
42234;VP SENIOR DE COMERCIAL;DIRECCION VENTAS BOGOTA;;193 TIENDA KOAJ LA FELICIDAD;;1,04517E+13;STAFF COMERCIAL 36H;7;2;;;;;14;FEBRERO;2026
42234;VP SENIOR DE COMERCIAL;DIRECCION VENTAS BOGOTA;;193 TIENDA KOAJ LA FELICIDAD;;1,04518E+13;STAFF COMERCIAL TC;10;12;;;;;10;FEBRERO;2026
42234;;;;193 TIENDA KOAJ LA FELICIDAD;;1,04608E+13;VENDEDOR(A);3;0;;;;;;FEBRERO;2026
42236;VP SENIOR DE COMERCIAL;DIRECCION VENTAS BOGOTA;;194 TIENDA KOAJ VENTURA TERREROS;;1,02058E+13;ADMINISTRADOR(A) DE TIENDA;1;1;;;;;1;FEBRERO;2026
42236;VP SENIOR DE COMERCIAL;DIRECCION VENTAS BOGOTA;;194 TIENDA KOAJ VENTURA TERREROS;;1,04222E+13;CAJERO(A) TC;2;2;;;;;2;FEBRERO;2026
42236;VP SENIOR DE COMERCIAL;DIRECCION VENTAS BOGOTA;;194 TIENDA KOAJ VENTURA TERREROS;;1,0211E+13;COADMINISTRADOR(A) DE TIENDA;1;1;;;;;1;FEBRERO;2026
42236;VP SENIOR DE COMERCIAL;DIRECCION VENTAS BOGOTA;;194 TIENDA KOAJ VENTURA TERREROS;;1,04517E+13;STAFF COMERCIAL 36H;6;2;;;;;6;FEBRERO;2026
42236;VP SENIOR DE COMERCIAL;DIRECCION VENTAS BOGOTA;;194 TIENDA KOAJ VENTURA TERREROS;;1,04518E+13;STAFF COMERCIAL TC;2;3;;;;;2;FEBRERO;2026
42236;VP SENIOR DE COMERCIAL;DIRECCION VENTAS BOGOTA;;194 TIENDA KOAJ VENTURA TERREROS;;1,04223E+13;CAJERO(A) 36 H;2;1;;;;;2;FEBRERO;2026
42238;VP SENIOR DE COMERCIAL;DIRECCION VENTAS BOGOTA;;195 TIENDA KOAJ METROPOLIS;;1,02058E+13;ADMINISTRADOR(A) DE TIENDA;1;1;;;;;1;FEBRERO;2026
42238;VP SENIOR DE COMERCIAL;DIRECCION VENTAS BOGOTA;;195 TIENDA KOAJ METROPOLIS;;1,04223E+13;CAJERO(A) 36 H;2;1;;;;;1;FEBRERO;2026
42238;VP SENIOR DE COMERCIAL;DIRECCION VENTAS BOGOTA;;195 TIENDA KOAJ METROPOLIS;;1,0211E+13;COADMINISTRADOR(A) DE TIENDA;1;1;;;;;1;FEBRERO;2026
42238;VP SENIOR DE COMERCIAL;DIRECCION VENTAS BOGOTA;;195 TIENDA KOAJ METROPOLIS;;1,04517E+13;STAFF COMERCIAL 36H;0;1;;;;;5;FEBRERO;2026
42238;VP SENIOR DE COMERCIAL;DIRECCION VENTAS BOGOTA;;195 TIENDA KOAJ METROPOLIS;;1,04518E+13;STAFF COMERCIAL TC;3;3;;;;;3;FEBRERO;2026
42238;VP SENIOR DE COMERCIAL;DIRECCION VENTAS BOGOTA;;195 TIENDA KOAJ METROPOLIS;;1,04222E+13;CAJERO(A) TC;1;1;;;;;1;FEBRERO;2026
42239;VP SENIOR DE COMERCIAL;DIRECCION VENTAS BOGOTA;;196 TIENDA KOAJ LUCERO;;1,02058E+13;ADMINISTRADOR(A) DE TIENDA;1;1;;;;;1;FEBRERO;2026
42239;VP SENIOR DE COMERCIAL;DIRECCION VENTAS BOGOTA;;196 TIENDA KOAJ LUCERO;;1,04223E+13;CAJERO(A) 36 H;0;0;;;;;1;FEBRERO;2026
42239;VP SENIOR DE COMERCIAL;DIRECCION VENTAS BOGOTA;;196 TIENDA KOAJ LUCERO;;1,0211E+13;COADMINISTRADOR(A) DE TIENDA;1;1;;1;;;1;FEBRERO;2026
42239;VP SENIOR DE COMERCIAL;DIRECCION VENTAS BOGOTA;;196 TIENDA KOAJ LUCERO;;1,04517E+13;STAFF COMERCIAL 36H;4;2;;;;;4;FEBRERO;2026
42239;VP SENIOR DE COMERCIAL;DIRECCION VENTAS BOGOTA;;196 TIENDA KOAJ LUCERO;;1,04518E+13;STAFF COMERCIAL TC;2;3;;2;;;2;FEBRERO;2026
42239;VP SENIOR DE COMERCIAL;DIRECCION VENTAS BOGOTA;;196 TIENDA KOAJ LUCERO;;1,04222E+13;CAJERO(A) TC;2;2;;;;;2;FEBRERO;2026
42242;VP SENIOR DE COMERCIAL;DIRECCION VENTAS BOGOTA;;197 TIENDA KOAJ GAITANA;;1,02058E+13;ADMINISTRADOR(A) DE TIENDA;1;1;;;;;1;FEBRERO;2026
42242;VP SENIOR DE COMERCIAL;DIRECCION VENTAS BOGOTA;;197 TIENDA KOAJ GAITANA;;1,04223E+13;CAJERO(A) 36H;0;1;;;;;1;FEBRERO;2026
42242;VP SENIOR DE COMERCIAL;DIRECCION VENTAS BOGOTA;;197 TIENDA KOAJ GAITANA;;1,04222E+13;CAJERO(A) TC;2;2;;;;;2;FEBRERO;2026
42242;VP SENIOR DE COMERCIAL;DIRECCION VENTAS BOGOTA;;197 TIENDA KOAJ GAITANA;;1,0211E+13;COADMINISTRADOR(A) DE TIENDA;1;1;;;;;1;FEBRERO;2026
42242;VP SENIOR DE COMERCIAL;DIRECCION VENTAS BOGOTA;;197 TIENDA KOAJ GAITANA;;1,04517E+13;STAFF COMERCIAL 36H;2;3;;;;;4;FEBRERO;2026
42242;VP SENIOR DE COMERCIAL;DIRECCION VENTAS BOGOTA;;197 TIENDA KOAJ GAITANA;;1,04518E+13;STAFF COMERCIAL TC;5;4;;;;;5;FEBRERO;2026
42245;VP SENIOR DE COMERCIAL;DIRECCION VENTAS BOGOTA;;199 TIENDA KOAJ EL EDEN;;1,02058E+13;ADMINISTRADOR(A) DE TIENDA;1;1;;;;;1;FEBRERO;2026
42245;VP SENIOR DE COMERCIAL;DIRECCION VENTAS BOGOTA;;199 TIENDA KOAJ EL EDEN;;1,04222E+13;CAJERO(A) TC;2;2;;;;;2;FEBRERO;2026
42245;VP SENIOR DE COMERCIAL;DIRECCION VENTAS BOGOTA;;199 TIENDA KOAJ EL EDEN;;1,0211E+13;COADMINISTRADOR(A) DE TIENDA;1;1;;;;;1;FEBRERO;2026
42245;VP SENIOR DE COMERCIAL;DIRECCION VENTAS BOGOTA;;199 TIENDA KOAJ EL EDEN;;1,04517E+13;STAFF COMERCIAL 36H;2;0;;;;;4;FEBRERO;2026
42245;VP SENIOR DE COMERCIAL;DIRECCION VENTAS BOGOTA;;199 TIENDA KOAJ EL EDEN;;1,04518E+13;STAFF COMERCIAL TC;4;5;;;;;4;FEBRERO;2026
42245;VP SENIOR DE COMERCIAL;DIRECCION VENTAS BOGOTA;;199 TIENDA KOAJ EL EDEN                                                               ;;1,04223E+13;CAJERO(A) 36 H;1;0;;;;;1;FEBRERO;2026
42247;VP SENIOR DE COMERCIAL;DIRECCION VENTAS BOGOTA;;200-TIENDA KOAJ VENTURA TERREROS II;;1,02058E+13;ADMINISTRADOR(A) DE TIENDA;1;1;;;;;1;FEBRERO;2026
42247;VP SENIOR DE COMERCIAL;DIRECCION VENTAS BOGOTA;;200-TIENDA KOAJ VENTURA TERREROS II;;1,04223E+13;CAJERO(A) 36 H;1;1;;;;;1;FEBRERO;2026
42247;VP SENIOR DE COMERCIAL;DIRECCION VENTAS BOGOTA;;200-TIENDA KOAJ VENTURA TERREROS II;;1,0211E+13;COADMINISTRADOR(A) DE TIENDA;1;1;;;;;1;FEBRERO;2026
42247;VP SENIOR DE COMERCIAL;DIRECCION VENTAS BOGOTA;;200-TIENDA KOAJ VENTURA TERREROS II;;1,04517E+13;STAFF COMERCIAL 36H;3;3;;;;;6;FEBRERO;2026
42247;VP SENIOR DE COMERCIAL;DIRECCION VENTAS BOGOTA;;200-TIENDA KOAJ VENTURA TERREROS II;;1,04518E+13;STAFF COMERCIAL TC;2;4;;;;;2;FEBRERO;2026
42247;VP SENIOR DE COMERCIAL;DIRECCION VENTAS BOGOTA;;200-TIENDA KOAJ VENTURA TERREROS II                                     ;;1,04222E+13;CAJERO(A) TC;2;2;;;;;2;FEBRERO;2026
42248;VP SENIOR DE COMERCIAL;DIRECCION VENTAS BOGOTA;;530 TIENDA KOAJ SUBA RINCON;;1,02058E+13;ADMINISTRADOR(A) DE TIENDA;1;1;;;;;1;FEBRERO;2026
42248;VP SENIOR DE COMERCIAL;DIRECCION VENTAS BOGOTA;;530 TIENDA KOAJ SUBA RINCON;;1,04223E+13;CAJERO(A) 36 H;1;2;;;;;1;FEBRERO;2026
42248;VP SENIOR DE COMERCIAL;DIRECCION VENTAS BOGOTA;;530 TIENDA KOAJ SUBA RINCON;;1,0211E+13;COADMINISTRADOR(A) DE TIENDA;1;1;;;;;1;FEBRERO;2026
42248;VP SENIOR DE COMERCIAL;DIRECCION VENTAS BOGOTA;;530 TIENDA KOAJ SUBA RINCON;;1,04517E+13;STAFF COMERCIAL 36H;2;2;;;;;4;FEBRERO;2026
42248;VP SENIOR DE COMERCIAL;DIRECCION VENTAS BOGOTA;;530 TIENDA KOAJ SUBA RINCON;;1,04518E+13;STAFF COMERCIAL TC;3;3;;;;;3;FEBRERO;2026
42248;VP SENIOR DE COMERCIAL;DIRECCION VENTAS BOGOTA;;530 TIENDA KOAJ SUBA RINCON;;1,04222E+13;CAJERO(A) TC;1;1;;;;;1;FEBRERO;2026
42249;VP SENIOR DE COMERCIAL;DIRECCION VENTAS BOGOTA;;531 TIENDA KOAJ TUNAL II;;1,02058E+13;ADMINISTRADOR(A) DE TIENDA;1;0;;;;;1;FEBRERO;2026
42249;VP SENIOR DE COMERCIAL;DIRECCION VENTAS BOGOTA;;531 TIENDA KOAJ TUNAL II;;1,04223E+13;CAJERO(A) 36 H;0;0;;;;;1;FEBRERO;2026
42249;VP SENIOR DE COMERCIAL;DIRECCION VENTAS BOGOTA;;531 TIENDA KOAJ TUNAL II;;1,04222E+13;CAJERO(A) TC;2;2;;;;;2;FEBRERO;2026
42249;VP SENIOR DE COMERCIAL;DIRECCION VENTAS BOGOTA;;531 TIENDA KOAJ TUNAL II;;1,0211E+13;COADMINISTRADOR(A) DE TIENDA;1;1;;;;;1;FEBRERO;2026
42249;VP SENIOR DE COMERCIAL;DIRECCION VENTAS BOGOTA;;531 TIENDA KOAJ TUNAL II;;1,04517E+13;STAFF COMERCIAL 36H;2;2;;;;;3;FEBRERO;2026
42249;VP SENIOR DE COMERCIAL;DIRECCION VENTAS BOGOTA;;531 TIENDA KOAJ TUNAL II;;1,04518E+13;STAFF COMERCIAL TC;2;2;;;;;2;FEBRERO;2026
42250;VP SENIOR DE COMERCIAL;DIRECCION VENTAS BOGOTA;;532 TIENDA KOAJ PASEO VILLA DEL RIO;;1,02058E+13;ADMINISTRADOR(A) DE TIENDA;1;1;;;;;1;FEBRERO;2026
42250;VP SENIOR DE COMERCIAL;DIRECCION VENTAS BOGOTA;;532 TIENDA KOAJ PASEO VILLA DEL RIO;;1,04223E+13;CAJERO(A) 36 H;2;2;;;;;3;FEBRERO;2026
42250;VP SENIOR DE COMERCIAL;DIRECCION VENTAS BOGOTA;;532 TIENDA KOAJ PASEO VILLA DEL RIO;;1,04222E+13;CAJERO(A) TC;3;2;;;;;3;FEBRERO;2026
42250;VP SENIOR DE COMERCIAL;DIRECCION VENTAS BOGOTA;;532 TIENDA KOAJ PASEO VILLA DEL RIO;;1,0211E+13;COADMINISTRADOR(A) DE TIENDA;1;1;;;;;1;FEBRERO;2026
42250;VP SENIOR DE COMERCIAL;DIRECCION VENTAS BOGOTA;;532 TIENDA KOAJ PASEO VILLA DEL RIO;;1,02502E+13;PARTNER COMERCIAL;1;1;;;;;1;FEBRERO;2026
42250;VP SENIOR DE COMERCIAL;DIRECCION VENTAS BOGOTA;;532 TIENDA KOAJ PASEO VILLA DEL RIO;;1,04517E+13;STAFF COMERCIAL 36H;8;12;;;;;13;FEBRERO;2026
42250;VP SENIOR DE COMERCIAL;DIRECCION VENTAS BOGOTA;;532 TIENDA KOAJ PASEO VILLA DEL RIO;;1,04518E+13;STAFF COMERCIAL TC;6;2;;;;;6;FEBRERO;2026
42250;;;;532 TIENDA KOAJ PASEO VILLA DEL RIO;;1,04608E+13;VENDEDOR(A);4;0;;;;;;FEBRERO;2026
42252;VP SENIOR DE COMERCIAL;DIRECCION VENTAS BOGOTA;;537 TIENDA KOAJ RESTREPO 2;;1,02058E+13;ADMINISTRADOR(A) DE TIENDA;1;1;;;;;1;FEBRERO;2026
42252;VP SENIOR DE COMERCIAL;DIRECCION VENTAS BOGOTA;;537 TIENDA KOAJ RESTREPO 2;;1,04223E+13;CAJERO(A) 36 H;1;0;;;;;1;FEBRERO;2026
42252;VP SENIOR DE COMERCIAL;DIRECCION VENTAS BOGOTA;;537 TIENDA KOAJ RESTREPO 2;;1,04222E+13;CAJERO(A) TC;2;2;;;;;2;FEBRERO;2026
42252;VP SENIOR DE COMERCIAL;DIRECCION VENTAS BOGOTA;;537 TIENDA KOAJ RESTREPO 2;;1,0211E+13;COADMINISTRADOR(A) DE TIENDA;1;1;;;;;1;FEBRERO;2026
42252;VP SENIOR DE COMERCIAL;DIRECCION VENTAS BOGOTA;;537 TIENDA KOAJ RESTREPO 2;;1,04517E+13;STAFF COMERCIAL 36H;3;2;;;;;5;FEBRERO;2026
42252;VP SENIOR DE COMERCIAL;DIRECCION VENTAS BOGOTA;;537 TIENDA KOAJ RESTREPO 2;;1,04518E+13;STAFF COMERCIAL TC;4;3;;;;;4;FEBRERO;2026
42253;VP SENIOR DE COMERCIAL;DIRECCION VENTAS BOGOTA;;538 TIENDA KOAJ NUESTRO BOGOTA;;1,02058E+13;ADMINISTRADOR(A) DE TIENDA;1;1;;;;;1;FEBRERO;2026
42253;VP SENIOR DE COMERCIAL;DIRECCION VENTAS BOGOTA;;538 TIENDA KOAJ NUESTRO BOGOTA;;1,04223E+13;CAJERO(A) 36 H;1;1;;;;;1;FEBRERO;2026
42253;VP SENIOR DE COMERCIAL;DIRECCION VENTAS BOGOTA;;538 TIENDA KOAJ NUESTRO BOGOTA;;1,04222E+13;CAJERO(A) TC;2;2;;;;;2;FEBRERO;2026
42253;VP SENIOR DE COMERCIAL;DIRECCION VENTAS BOGOTA;;538 TIENDA KOAJ NUESTRO BOGOTA;;1,0211E+13;COADMINISTRADOR(A) DE TIENDA;1;1;;;;;1;FEBRERO;2026
42253;VP SENIOR DE COMERCIAL;DIRECCION VENTAS BOGOTA;;538 TIENDA KOAJ NUESTRO BOGOTA;;1,04517E+13;STAFF COMERCIAL 36H;3;2;;;;;;FEBRERO;2026
42253;VP SENIOR DE COMERCIAL;DIRECCION VENTAS BOGOTA;;538 TIENDA KOAJ NUESTRO BOGOTA;;1,04518E+13;STAFF COMERCIAL TC;7;5;;;;;7;FEBRERO;2026
42253;VP SENIOR DE COMERCIAL;DIRECCION VENTAS BOGOTA;;538 TIENDA KOAJ NUESTRO BOGOTA;;1,02502E+13;PARTNER COMERCIAL;0;1;;;;;1;FEBRERO;2026
42254;VP SENIOR DE COMERCIAL;DIRECCION VENTAS BOGOTA;;539 TIENDA KOAJ CALLE 12 CENTRO;;1,02058E+13;ADMINISTRADOR(A) DE TIENDA;1;1;;;;;1;FEBRERO;2026
42254;VP SENIOR DE COMERCIAL;DIRECCION VENTAS BOGOTA;;539 TIENDA KOAJ CALLE 12 CENTRO;;1,04223E+13;CAJERO(A) 36 H;0;0;;;;;1;FEBRERO;2026
42254;VP SENIOR DE COMERCIAL;DIRECCION VENTAS BOGOTA;;539 TIENDA KOAJ CALLE 12 CENTRO;;1,04222E+13;CAJERO(A) TC;2;2;;;;;2;FEBRERO;2026
42254;VP SENIOR DE COMERCIAL;DIRECCION VENTAS BOGOTA;;539 TIENDA KOAJ CALLE 12 CENTRO;;1,0211E+13;COADMINISTRADOR(A) DE TIENDA;1;1;;;;;1;FEBRERO;2026
42254;VP SENIOR DE COMERCIAL;DIRECCION VENTAS BOGOTA;;539 TIENDA KOAJ CALLE 12 CENTRO;;1,04517E+13;STAFF COMERCIAL 36H;1;2;;;;;4;FEBRERO;2026
42254;VP SENIOR DE COMERCIAL;DIRECCION VENTAS BOGOTA;;539 TIENDA KOAJ CALLE 12 CENTRO;;1,04518E+13;STAFF COMERCIAL TC;4;3;;;;;4;FEBRERO;2026
42258;VP SENIOR DE COMERCIAL;DIRECCION VENTAS BOGOTA;;541 TIENDA KOAJ FACTORY;;1,02058E+13;ADMINISTRADOR(A) DE TIENDA;1;1;;;;;1;FEBRERO;2026
42258;VP SENIOR DE COMERCIAL;DIRECCION VENTAS BOGOTA;;541 TIENDA KOAJ FACTORY;;1,04223E+13;CAJERO(A) 36 H;1;1;;;;;1;FEBRERO;2026
42258;VP SENIOR DE COMERCIAL;DIRECCION VENTAS BOGOTA;;541 TIENDA KOAJ FACTORY;;1,04222E+13;CAJERO(A) TC;2;2;;;;;2;FEBRERO;2026
42258;VP SENIOR DE COMERCIAL;DIRECCION VENTAS BOGOTA;;541 TIENDA KOAJ FACTORY;;1,0211E+13;COADMINISTRADOR(A) DE TIENDA;1;1;;;;;1;FEBRERO;2026
42258;VP SENIOR DE COMERCIAL;DIRECCION VENTAS BOGOTA;;541 TIENDA KOAJ FACTORY;;1,04517E+13;STAFF COMERCIAL 36H;3;2;;;;;4;FEBRERO;2026
42258;VP SENIOR DE COMERCIAL;DIRECCION VENTAS BOGOTA;;541 TIENDA KOAJ FACTORY;;1,04518E+13;STAFF COMERCIAL TC;2;3;;1;;;2;FEBRERO;2026
42259;VP SENIOR DE COMERCIAL;DIRECCION VENTAS BOGOTA;;542 TIENDA KOAJ BOSA LA LIBERTAD;;1,02058E+13;ADMINISTRADOR(A) DE TIENDA;1;1;;;;;1;FEBRERO;2026
42259;VP SENIOR DE COMERCIAL;DIRECCION VENTAS BOGOTA;;542 TIENDA KOAJ BOSA LA LIBERTAD;;1,04223E+13;CAJERO(A) 36 H;1;2;;;;;3;FEBRERO;2026
42259;VP SENIOR DE COMERCIAL;DIRECCION VENTAS BOGOTA;;542 TIENDA KOAJ BOSA LA LIBERTAD;;1,04222E+13;CAJERO(A) TC;3;2;;;;;3;FEBRERO;2026
42259;VP SENIOR DE COMERCIAL;DIRECCION VENTAS BOGOTA;;542 TIENDA KOAJ BOSA LA LIBERTAD;;1,0211E+13;COADMINISTRADOR(A) DE TIENDA;1;1;;;;;1;FEBRERO;2026
42259;VP SENIOR DE COMERCIAL;DIRECCION VENTAS BOGOTA;;542 TIENDA KOAJ BOSA LA LIBERTAD;;1,04517E+13;STAFF COMERCIAL 36H;7;4;;;;;12;FEBRERO;2026
42259;VP SENIOR DE COMERCIAL;DIRECCION VENTAS BOGOTA;;542 TIENDA KOAJ BOSA LA LIBERTAD;;1,04518E+13;STAFF COMERCIAL TC;8;6;;;;;8;FEBRERO;2026
42259;VP SENIOR DE COMERCIAL;DIRECCION VENTAS BOGOTA;;542 TIENDA KOAJ BOSA LA LIBERTAD;;1,02502E+13;PARTNER COMERCIAL;1;1;;;;;1;FEBRERO;2026
42260;VP SENIOR DE COMERCIAL;DIRECCION VENTAS BOGOTA;;544 TIENDA KOAJ CENTRO MAYOR II;;1,02502E+13;PARTNER COMERCIAL;1;0;;;;;1;FEBRERO;2026
42260;VP SENIOR DE COMERCIAL;DIRECCION VENTAS BOGOTA;;544 TIENDA KOAJ CENTRO MAYOR II;;1,04222E+13;CAJERO(A) TC;2;0;;;;;2;FEBRERO;2026
42260;VP SENIOR DE COMERCIAL;DIRECCION VENTAS BOGOTA;;544 TIENDA KOAJ CENTRO MAYOR II;;1,04223E+13;CAJERO(A) 36 H;1;0;;;;;3;FEBRERO;2026
42260;VP SENIOR DE COMERCIAL;DIRECCION VENTAS BOGOTA;;544 TIENDA KOAJ CENTRO MAYOR II;;1,04517E+13;STAFF COMERCIAL 36H;6;0;;;;;13;FEBRERO;2026
42260;VP SENIOR DE COMERCIAL;DIRECCION VENTAS BOGOTA;;544 TIENDA KOAJ CENTRO MAYOR II;;1,04518E+13;STAFF COMERCIAL TC;8;0;;;;;8;FEBRERO;2026
42260;VP SENIOR DE COMERCIAL;DIRECCION VENTAS BOGOTA;;544 TIENDA KOAJ CENTRO MAYOR II;;1,0211E+13;COADMINISTRADOR(A) DE TIENDA;1;0;;;;;1;FEBRERO;2026
42261;VP SENIOR DE COMERCIAL;DIRECCION VENTAS BOGOTA;;545 TIENDA KOAJ TITAN III;;1,04518E+13;STAFF COMERCIAL TC;19;20;;;;;19;FEBRERO;2026
42261;VP SENIOR DE COMERCIAL;DIRECCION VENTAS BOGOTA;;545 TIENDA KOAJ TITAN III;;1,02058E+13;ADMINISTRADOR(A) DE TIENDA;2;1;;;;;1;FEBRERO;2026
42261;VP SENIOR DE COMERCIAL;DIRECCION VENTAS BOGOTA;;545 TIENDA KOAJ TITAN III;;1,0211E+13;COADMINISTRADOR(A) DE TIENDA;0;1;;;;;1;FEBRERO;2026
42261;VP SENIOR DE COMERCIAL;DIRECCION VENTAS BOGOTA;;545 TIENDA KOAJ TITAN III;;1,02502E+13;PARTNER COMERCIAL;2;1;;;;;1;FEBRERO;2026
42261;VP SENIOR DE COMERCIAL;DIRECCION VENTAS BOGOTA;;545 TIENDA KOAJ TITAN III;;1,04223E+13;CAJERO(A) 36 H;0;0;;;;;4;FEBRERO;2026
42261;VP SENIOR DE COMERCIAL;DIRECCION VENTAS BOGOTA;;545 TIENDA KOAJ TITAN III;;1,04222E+13;CAJERO(A) TC;8;7;;;;;8;FEBRERO;2026
42261;VP SENIOR DE COMERCIAL;DIRECCION VENTAS BOGOTA;;545 TIENDA KOAJ TITAN III;;1,04517E+13;STAFF COMERCIAL 36H;13;12;;;;;25;FEBRERO;2026
42261;VP SENIOR DE COMERCIAL;DIRECCION VENTAS BOGOTA;;545 TIENDA KOAJ TITAN III;;1,04275E+13;ASESOR(A) DE VENTAS 48 H;0;0;;;;;0;FEBRERO;2026
42261;VP SENIOR DE COMERCIAL;DIRECCION VENTAS BOGOTA;;545 TIENDA KOAJ TITAN III;;1,04608E+13;VENDEDOR(A);6;0;;;;;;FEBRERO;2026
42263;VP SENIOR DE COMERCIAL;DIRECCION VENTAS BOGOTA;;547 TIENDA KOAJ PERDOMO;;1,02058E+13;ADMINISTRADOR(A) DE TIENDA;1;1;;;;;1;FEBRERO;2026
42263;VP SENIOR DE COMERCIAL;DIRECCION VENTAS BOGOTA;;547 TIENDA KOAJ PERDOMO;;1,0211E+13;COADMINISTRADOR(A) DE TIENDA;1;1;;;;;1;FEBRERO;2026
42263;VP SENIOR DE COMERCIAL;DIRECCION VENTAS BOGOTA;;547 TIENDA KOAJ PERDOMO;;1,04223E+13;CAJERO(A) 36 H;1;1;;;;;2;FEBRERO;2026
42263;VP SENIOR DE COMERCIAL;DIRECCION VENTAS BOGOTA;;547 TIENDA KOAJ PERDOMO;;1,04222E+13;CAJERO(A) TC;2;2;;;;;2;FEBRERO;2026
42263;VP SENIOR DE COMERCIAL;DIRECCION VENTAS BOGOTA;;547 TIENDA KOAJ PERDOMO;;1,04517E+13;STAFF COMERCIAL 36H;8;2;;;;;10;FEBRERO;2026
42263;VP SENIOR DE COMERCIAL;DIRECCION VENTAS BOGOTA;;547 TIENDA KOAJ PERDOMO;;1,04518E+13;STAFF COMERCIAL TC;5;4;;;;;5;FEBRERO;2026
42267;VP SENIOR DE COMERCIAL;DIRECCION VENTAS BOGOTA;;549 TIENDA KOAJ CARRERA DECIMA II;;1,02058E+13;ADMINISTRADOR(A) DE TIENDA;1;1;;;;;;FEBRERO;2026
42267;VP SENIOR DE COMERCIAL;DIRECCION VENTAS BOGOTA;;549 TIENDA KOAJ CARRERA DECIMA II;;1,0211E+13;COADMINISTRADOR(A) DE TIENDA;1;1;;;;;;FEBRERO;2026
42267;VP SENIOR DE COMERCIAL;DIRECCION VENTAS BOGOTA;;549 TIENDA KOAJ CARRERA DECIMA II;;1,04222E+13;CAJERO(A) TC;2;2;;;;;2;FEBRERO;2026
42267;VP SENIOR DE COMERCIAL;DIRECCION VENTAS BOGOTA;;549 TIENDA KOAJ CARRERA DECIMA II;;1,04223E+13;CAJERO(A) 36 H;1;1;;;;;;FEBRERO;2026
42267;VP SENIOR DE COMERCIAL;DIRECCION VENTAS BOGOTA;;549 TIENDA KOAJ CARRERA DECIMA II;;1,04518E+13;STAFF COMERCIAL TC;2;4;;;;;;FEBRERO;2026
42267;VP SENIOR DE COMERCIAL;DIRECCION VENTAS BOGOTA;;549 TIENDA KOAJ CARRERA DECIMA II;;1,04517E+13;STAFF COMERCIAL 36H;6;3;;;;;;FEBRERO;2026
42240;VP SENIOR DE COMERCIAL;DIRECCION VENTAS BOGOTA;;096 TIENDA KOAJ LA VICTORIA;;1,04222E+13;CAJERO(A) TC;2;2;;;;;;FEBRERO;2026
42229;VP SENIOR DE COMERCIAL;DIRECCION VENTAS BOGOTA;;093 TIENDA KOAJ SALITRE N;;1,02502E+13;PARTNER COMERCIAL;0;1;;;;;0;FEBRERO;2026
42268;VP SENIOR DE COMERCIAL;DIRECCION VENTAS NACIONALES;;TIENDA KOAJ PATIO BONITO;;1,02058E+13;ADMINISTRADOR(A) DE TIENDA;;1;;;;;;FEBRERO;2026
42268;VP SENIOR DE COMERCIAL;DIRECCION VENTAS NACIONALES;;TIENDA KOAJ PATIO BONITO;;1,0211E+13;COADMINISTRADOR(A) DE TIENDA;;1;;;;;;FEBRERO;2026
42268;VP SENIOR DE COMERCIAL;DIRECCION VENTAS NACIONALES;;TIENDA KOAJ PATIO BONITO;;1,04222E+13;CAJERO(A) TC;;2;;;;;;FEBRERO;2026
42268;VP SENIOR DE COMERCIAL;DIRECCION VENTAS NACIONALES;;TIENDA KOAJ PATIO BONITO;;1,04223E+13;CAJERO(A) 36 H;;1;;;;;;FEBRERO;2026
42268;VP SENIOR DE COMERCIAL;DIRECCION VENTAS NACIONALES;;TIENDA KOAJ PATIO BONITO;;1,04518E+13;STAFF COMERCIAL TC;;3;;;;;;FEBRERO;2026
42268;VP SENIOR DE COMERCIAL;DIRECCION VENTAS NACIONALES;;TIENDA KOAJ PATIO BONITO;;1,04517E+13;STAFF COMERCIAL 36H;;2;;;;;;FEBRERO;2026
42269;VP SENIOR DE COMERCIAL;DIRECCION VENTAS NACIONALES;;TIENDA KOAJ CENTRO CARRERA 13;;1,02058E+13;ADMINISTRADOR(A) DE TIENDA;;1;;;;;;FEBRERO;2026
42269;VP SENIOR DE COMERCIAL;DIRECCION VENTAS NACIONALES;;TIENDA KOAJ CENTRO CARRERA 13;;1,0211E+13;COADMINISTRADOR(A) DE TIENDA;;1;;;;;;FEBRERO;2026
42269;VP SENIOR DE COMERCIAL;DIRECCION VENTAS NACIONALES;;TIENDA KOAJ CENTRO CARRERA 13;;1,04222E+13;CAJERO(A) TC;;2;;;;;;FEBRERO;2026
42269;VP SENIOR DE COMERCIAL;DIRECCION VENTAS NACIONALES;;TIENDA KOAJ CENTRO CARRERA 13;;1,04518E+13;STAFF COMERCIAL TC;;3;;;;;;FEBRERO;2026
42269;VP SENIOR DE COMERCIAL;DIRECCION VENTAS NACIONALES;;TIENDA KOAJ CENTRO CARRERA 13;;1,04517E+13;STAFF COMERCIAL 36H;;2;;;;;;FEBRERO;2026
42251;VP SENIOR DE COMERCIAL;DIRECCION VENTAS NACIONALES;;TIENDA KOAJ FEP;;1,04222E+13;CAJERO(A) TC;;;18;;;;;FEBRERO;2026
42251;VP SENIOR DE COMERCIAL;DIRECCION VENTAS NACIONALES;;TIENDA KOAJ FEP;;1,04518E+13;STAFF COMERCIAL TC;;;15;;;;;FEBRERO;2026
42021;VP SENIOR DE COMERCIAL;DIRECCION VENTAS BOGOTA;;002 TIENDA KOAJ 2;;1,04222E+13;CAJERO(A) TC;2;2;;;;;;MARZO;2026
42021;VP SENIOR DE COMERCIAL;DIRECCION VENTAS BOGOTA;;002 TIENDA KOAJ 2;;1,0211E+13;COADMINISTRADOR(A) DE TIENDA;1;1;;;;;;MARZO;2026
42021;VP SENIOR DE COMERCIAL;DIRECCION VENTAS BOGOTA;;002 TIENDA KOAJ 2;;1,04517E+13;STAFF COMERCIAL 36H;4;3;;;;;;MARZO;2026
42021;VP SENIOR DE COMERCIAL;DIRECCION VENTAS BOGOTA;;002 TIENDA KOAJ 2;;1,04518E+13;STAFF COMERCIAL TC;3;4;;;;;;MARZO;2026
42021;VP SENIOR DE COMERCIAL;DIRECCION VENTAS BOGOTA;;002 TIENDA KOAJ 2;;1,02058E+13;ADMINISTRADOR(A) DE TIENDA;1;1;;;;;;MARZO;2026
42021;VP SENIOR DE COMERCIAL;DIRECCION VENTAS BOGOTA;;002 TIENDA KOAJ 2                                                                            ;;1,04223E+13;CAJERO(A) 36 H;1;1;;;;;;MARZO;2026
42022;VP SENIOR DE COMERCIAL;DIRECCION VENTAS BOGOTA;;003 TIENDA KOAJ 4;;1,02058E+13;ADMINISTRADOR(A) DE TIENDA;1;1;;;;;;MARZO;2026
42022;VP SENIOR DE COMERCIAL;DIRECCION VENTAS BOGOTA;;003 TIENDA KOAJ 4;;1,04222E+13;CAJERO(A) TC;2;2;;;;;;MARZO;2026
42022;VP SENIOR DE COMERCIAL;DIRECCION VENTAS BOGOTA;;003 TIENDA KOAJ 4;;1,0211E+13;COADMINISTRADOR(A) DE TIENDA;1;1;;;;;;MARZO;2026
42022;VP SENIOR DE COMERCIAL;DIRECCION VENTAS BOGOTA;;003 TIENDA KOAJ 4;;1,04518E+13;STAFF COMERCIAL TC;2;4;;;;;;MARZO;2026
42022;VP SENIOR DE COMERCIAL;DIRECCION VENTAS BOGOTA;;003 TIENDA KOAJ 4;;1,04517E+13;STAFF COMERCIAL 36H;5;3;;;;;;MARZO;2026
42022;VP SENIOR DE COMERCIAL;DIRECCION VENTAS BOGOTA;;003 TIENDA KOAJ 4                                                                            ;;1,04223E+13;CAJERO(A) 36 H;0;1;;;;;;MARZO;2026
42122;VP SENIOR DE COMERCIAL;DIRECCION VENTAS BOGOTA;;009 TIENDA KOAJ GALERIAS;;1,02058E+13;ADMINISTRADOR(A) DE TIENDA;1;1;;;;;;MARZO;2026
42122;VP SENIOR DE COMERCIAL;DIRECCION VENTAS BOGOTA;;009 TIENDA KOAJ GALERIAS;;1,0211E+13;COADMINISTRADOR(A) DE TIENDA;1;1;;;;;;MARZO;2026
42122;VP SENIOR DE COMERCIAL;DIRECCION VENTAS BOGOTA;;009 TIENDA KOAJ GALERIAS;;1,04517E+13;STAFF COMERCIAL 36H;2;2;;;;;;MARZO;2026
42122;VP SENIOR DE COMERCIAL;DIRECCION VENTAS BOGOTA;;009 TIENDA KOAJ GALERIAS;;1,04223E+13;CAJERO(A) 36 H;2;0;;;;;;MARZO;2026
42122;VP SENIOR DE COMERCIAL;DIRECCION VENTAS BOGOTA;;009 TIENDA KOAJ GALERIAS;;1,04518E+13;STAFF COMERCIAL TC;4;3;;;;;;MARZO;2026
42122;VP SENIOR DE COMERCIAL;DIRECCION VENTAS BOGOTA;;009 TIENDA KOAJ GALERIAS;;1,04222E+13;CAJERO(A) TC;1;2;;;;;;MARZO;2026
42118;VP SENIOR DE COMERCIAL;DIRECCION VENTAS BOGOTA;;012 TIENDA KOAJ SUBA IMPERIAL;;1,02058E+13;ADMINISTRADOR(A) DE TIENDA;2;1;;;;;;MARZO;2026
42118;VP SENIOR DE COMERCIAL;DIRECCION VENTAS BOGOTA;;012 TIENDA KOAJ SUBA IMPERIAL;;1,0211E+13;COADMINISTRADOR(A) DE TIENDA;0;1;;;;;;MARZO;2026
42118;VP SENIOR DE COMERCIAL;DIRECCION VENTAS BOGOTA;;012 TIENDA KOAJ SUBA IMPERIAL;;1,04608E+13;VENDEDOR(A);9;0;;;;;;MARZO;2026
42118;VP SENIOR DE COMERCIAL;DIRECCION VENTAS BOGOTA;;012 TIENDA KOAJ SUBA IMPERIAL;;1,04223E+13;CAJERO(A) 36 H;5;5;;;;;;MARZO;2026
42118;VP SENIOR DE COMERCIAL;DIRECCION VENTAS BOGOTA;;012 TIENDA KOAJ SUBA IMPERIAL;;1,04222E+13;CAJERO(A) TC;6;5;;;;;;MARZO;2026
42118;VP SENIOR DE COMERCIAL;DIRECCION VENTAS BOGOTA;;012 TIENDA KOAJ SUBA IMPERIAL;;1,02502E+13;PARTNER COMERCIAL;2;1;;;;;;MARZO;2026
42118;VP SENIOR DE COMERCIAL;DIRECCION VENTAS BOGOTA;;012 TIENDA KOAJ SUBA IMPERIAL;;1,04517E+13;STAFF COMERCIAL 36H;13;20;;;;;;MARZO;2026
42118;VP SENIOR DE COMERCIAL;DIRECCION VENTAS BOGOTA;;012 TIENDA KOAJ SUBA IMPERIAL;;1,04518E+13;STAFF COMERCIAL TC;17;20;;;;;;MARZO;2026
42059;VP SENIOR DE COMERCIAL;DIRECCION VENTAS BOGOTA;;026 TIENDA KOAJ SAN MARTIN P2;;1,04223E+13;CAJERO(A) 36 H;1;1;1;;;;;MARZO;2026
42059;VP SENIOR DE COMERCIAL;DIRECCION VENTAS BOGOTA;;026 TIENDA KOAJ SAN MARTIN P2;;1,0211E+13;COADMINISTRADOR(A) DE TIENDA;1;1;;;;;;MARZO;2026
42059;VP SENIOR DE COMERCIAL;DIRECCION VENTAS BOGOTA;;026 TIENDA KOAJ SAN MARTIN P2;;1,04518E+13;STAFF COMERCIAL TC;2;3;;;;;;MARZO;2026
42059;VP SENIOR DE COMERCIAL;DIRECCION VENTAS BOGOTA;;026 TIENDA KOAJ SAN MARTIN P2;;1,04222E+13;CAJERO(A) TC;2;2;;;;;;MARZO;2026
42059;VP SENIOR DE COMERCIAL;DIRECCION VENTAS BOGOTA;;026 TIENDA KOAJ SAN MARTIN P2;;1,02058E+13;ADMINISTRADOR(A) DE TIENDA;1;1;;;;;;MARZO;2026
42059;VP SENIOR DE COMERCIAL;DIRECCION VENTAS BOGOTA;;026 TIENDA KOAJ SAN MARTIN P2;;1,04517E+13;STAFF COMERCIAL 36H;4;2;;;;;;MARZO;2026
41029;VP SENIOR DE COMERCIAL;DIRECCION VENTAS BOGOTA;;031 TIENDA KOAJ CAFAM FLORESTA;;1,02058E+13;ADMINISTRADOR(A) DE TIENDA;1;1;;;;;;MARZO;2026
41029;VP SENIOR DE COMERCIAL;DIRECCION VENTAS BOGOTA;;031 TIENDA KOAJ CAFAM FLORESTA;;1,0211E+13;COADMINISTRADOR(A) DE TIENDA;1;1;;;;;;MARZO;2026
41029;VP SENIOR DE COMERCIAL;DIRECCION VENTAS BOGOTA;;031 TIENDA KOAJ CAFAM FLORESTA;;1,04517E+13;STAFF COMERCIAL 36H;2;1;;;;;;MARZO;2026
41029;VP SENIOR DE COMERCIAL;DIRECCION VENTAS BOGOTA;;031 TIENDA KOAJ CAFAM FLORESTA;;1,04518E+13;STAFF COMERCIAL TC;3;3;;;;;;MARZO;2026
41029;VP SENIOR DE COMERCIAL;DIRECCION VENTAS BOGOTA;;031 TIENDA KOAJ CAFAM FLORESTA;;1,04222E+13;CAJERO(A) TC;2;1;;;;;;MARZO;2026
41029;VP SENIOR DE COMERCIAL;DIRECCION VENTAS BOGOTA;;031 TIENDA KOAJ CAFAM FLORESTA;;1,04223E+13;CAJERO(A) 36 H;0;1;;;;;;MARZO;2026
42126;VP SENIOR DE COMERCIAL;DIRECCION VENTAS BOGOTA;;036 TIENDA KOAJ UNICENTRO BOGOTA;;1,04223E+13;CAJERO(A) 36 H;1;1;;;;;;MARZO;2026
42126;VP SENIOR DE COMERCIAL;DIRECCION VENTAS BOGOTA;;036 TIENDA KOAJ UNICENTRO BOGOTA;;1,04222E+13;CAJERO(A) TC;2;2;;;;;;MARZO;2026
42126;VP SENIOR DE COMERCIAL;DIRECCION VENTAS BOGOTA;;036 TIENDA KOAJ UNICENTRO BOGOTA;;1,0211E+13;COADMINISTRADOR(A) DE TIENDA;1;1;;;;;;MARZO;2026
42126;VP SENIOR DE COMERCIAL;DIRECCION VENTAS BOGOTA;;036 TIENDA KOAJ UNICENTRO BOGOTA;;1,04517E+13;STAFF COMERCIAL 36H;4;4;;;;;;MARZO;2026
42126;VP SENIOR DE COMERCIAL;DIRECCION VENTAS BOGOTA;;036 TIENDA KOAJ UNICENTRO BOGOTA;;1,04518E+13;STAFF COMERCIAL TC;6;4;;;;;;MARZO;2026
42126;VP SENIOR DE COMERCIAL;DIRECCION VENTAS BOGOTA;;036 TIENDA KOAJ UNICENTRO BOGOTA;;1,02058E+13;ADMINISTRADOR(A) DE TIENDA;1;1;;;;;;MARZO;2026
42126;VP SENIOR DE COMERCIAL;DIRECCION VENTAS BOGOTA;;036 TIENDA KOAJ UNICENTRO BOGOTA;;1,02524E+12;PARTNER COMERCIAL;;1;;;;;;MARZO;2026
42135;VP SENIOR DE COMERCIAL;DIRECCION VENTAS BOGOTA;;037 TIENDA KOAJ CALLE 18 MONTEVIDEO;;1,02058E+13;ADMINISTRADOR(A) DE TIENDA;1;1;;;;;;MARZO;2026
42135;VP SENIOR DE COMERCIAL;DIRECCION VENTAS BOGOTA;;037 TIENDA KOAJ CALLE 18 MONTEVIDEO;;1,04518E+13;STAFF COMERCIAL TC;2;5;;;;;;MARZO;2026
42135;VP SENIOR DE COMERCIAL;DIRECCION VENTAS BOGOTA;;037 TIENDA KOAJ CALLE 18 MONTEVIDEO;;1,04222E+13;CAJERO(A) TC;2;2;;;;;;MARZO;2026
42135;VP SENIOR DE COMERCIAL;DIRECCION VENTAS BOGOTA;;037 TIENDA KOAJ CALLE 18 MONTEVIDEO;;1,04223E+13;CAJERO(A) 36 H;0;0;;;;;;MARZO;2026
42135;VP SENIOR DE COMERCIAL;DIRECCION VENTAS BOGOTA;;037 TIENDA KOAJ CALLE 18 MONTEVIDEO;;1,04517E+13;STAFF COMERCIAL 36H;4;0;;;;;;MARZO;2026
42135;VP SENIOR DE COMERCIAL;DIRECCION VENTAS BOGOTA;;037 TIENDA KOAJ CALLE 18 MONTEVIDEO;;1,0211E+13;COADMINISTRADOR(A) DE TIENDA;1;1;;;;;;MARZO;2026
42095;VP SENIOR DE COMERCIAL;DIRECCION VENTAS BOGOTA;;041 TIENDA KOAJ CRA 62 N;;1,02502E+13;PARTNER COMERCIAL;1;1;;;;;;MARZO;2026
42095;VP SENIOR DE COMERCIAL;DIRECCION VENTAS BOGOTA;;041 TIENDA KOAJ CRA 62 N;;1,04518E+13;STAFF COMERCIAL TC;15;16;;;;;;MARZO;2026
42095;VP SENIOR DE COMERCIAL;DIRECCION VENTAS BOGOTA;;041 TIENDA KOAJ CRA 62 N;;1,04608E+13;VENDEDOR(A);7;0;;;;;;MARZO;2026
42095;VP SENIOR DE COMERCIAL;DIRECCION VENTAS BOGOTA;;041 TIENDA KOAJ CRA 62 N;;1,02058E+13;ADMINISTRADOR(A) DE TIENDA;2;1;;;;;;MARZO;2026
42095;VP SENIOR DE COMERCIAL;DIRECCION VENTAS BOGOTA;;041 TIENDA KOAJ CRA 62 N;;1,04223E+13;CAJERO(A) 36 H;4;4;;;;;;MARZO;2026
42095;VP SENIOR DE COMERCIAL;DIRECCION VENTAS BOGOTA;;041 TIENDA KOAJ CRA 62 N;;1,04222E+13;CAJERO(A) TC;5;3;;;;;;MARZO;2026
42095;VP SENIOR DE COMERCIAL;DIRECCION VENTAS BOGOTA;;041 TIENDA KOAJ CRA 62 N;;1,0211E+13;COADMINISTRADOR(A) DE TIENDA;0;1;;;;;;MARZO;2026
42095;VP SENIOR DE COMERCIAL;DIRECCION VENTAS BOGOTA;;041 TIENDA KOAJ CRA 62 N;;1,04517E+13;STAFF COMERCIAL 36H;10;7;;;;;;MARZO;2026
42096;VP SENIOR DE COMERCIAL;DIRECCION VENTAS BOGOTA;;042 TIENDA KOAJ CENTRO MAYOR;;1,04222E+13;CAJERO(A) TC;5;5;;;;;;MARZO;2026
42096;VP SENIOR DE COMERCIAL;DIRECCION VENTAS BOGOTA;;042 TIENDA KOAJ CENTRO MAYOR;;1,02502E+13;PARTNER COMERCIAL;1;1;;;;;;MARZO;2026
42096;VP SENIOR DE COMERCIAL;DIRECCION VENTAS BOGOTA;;042 TIENDA KOAJ CENTRO MAYOR;;1,02058E+13;ADMINISTRADOR(A) DE TIENDA;2;1;;;;;;MARZO;2026
42096;VP SENIOR DE COMERCIAL;DIRECCION VENTAS BOGOTA;;042 TIENDA KOAJ CENTRO MAYOR;;1,0211E+13;COADMINISTRADOR(A) DE TIENDA;0;1;;;;;;MARZO;2026
42096;VP SENIOR DE COMERCIAL;DIRECCION VENTAS BOGOTA;;042 TIENDA KOAJ CENTRO MAYOR;;1,04608E+13;VENDEDOR(A);5;0;;;;;;MARZO;2026
42096;VP SENIOR DE COMERCIAL;DIRECCION VENTAS BOGOTA;;042 TIENDA KOAJ CENTRO MAYOR;;1,04223E+13;CAJERO(A) 36 H;5;4;;;;;;MARZO;2026
42096;VP SENIOR DE COMERCIAL;DIRECCION VENTAS BOGOTA;;042 TIENDA KOAJ CENTRO MAYOR;;1,04517E+13;STAFF COMERCIAL 36H;12;14;;;;;;MARZO;2026
42096;VP SENIOR DE COMERCIAL;DIRECCION VENTAS BOGOTA;;042 TIENDA KOAJ CENTRO MAYOR;;1,04518E+13;STAFF COMERCIAL TC;18;18;1;;;;;MARZO;2026
42131;VP SENIOR DE COMERCIAL;DIRECCION VENTAS BOGOTA;;054 TIENDA KOAJ CALIMA BOGOTA;;1,02502E+13;PARTNER COMERCIAL;1;1;;;;;;MARZO;2026
42131;VP SENIOR DE COMERCIAL;DIRECCION VENTAS BOGOTA;;054 TIENDA KOAJ CALIMA BOGOTA;;1,04517E+13;STAFF COMERCIAL 36H;4;4;;;;;;MARZO;2026
42131;VP SENIOR DE COMERCIAL;DIRECCION VENTAS BOGOTA;;054 TIENDA KOAJ CALIMA BOGOTA;;1,04518E+13;STAFF COMERCIAL TC;7;7;;;;;;MARZO;2026
42131;VP SENIOR DE COMERCIAL;DIRECCION VENTAS BOGOTA;;054 TIENDA KOAJ CALIMA BOGOTA;;1,02058E+13;ADMINISTRADOR(A) DE TIENDA;1;1;;;;;;MARZO;2026
42131;VP SENIOR DE COMERCIAL;DIRECCION VENTAS BOGOTA;;054 TIENDA KOAJ CALIMA BOGOTA;;1,0211E+13;COADMINISTRADOR(A) DE TIENDA;1;1;;;;;;MARZO;2026
42131;VP SENIOR DE COMERCIAL;DIRECCION VENTAS BOGOTA;;054 TIENDA KOAJ CALIMA BOGOTA;;1,04223E+13;CAJERO(A) 36 H;2;2;;;;;;MARZO;2026
42131;VP SENIOR DE COMERCIAL;DIRECCION VENTAS BOGOTA;;054 TIENDA KOAJ CALIMA BOGOTA;;1,04222E+13;CAJERO(A) TC;2;2;;;;;;MARZO;2026
42131;;;;054 TIENDA KOAJ CALIMA BOGOTA;;1,04608E+13;VENDEDOR(A);3;0;;;;;;MARZO;2026
42138;VP SENIOR DE COMERCIAL;DIRECCION VENTAS BOGOTA;;056 TIENDA KOAJ DIVER PLAZA;;1,02058E+13;ADMINISTRADOR(A) DE TIENDA;1;1;;;;;;MARZO;2026
42138;VP SENIOR DE COMERCIAL;DIRECCION VENTAS BOGOTA;;056 TIENDA KOAJ DIVER PLAZA;;1,04223E+13;CAJERO(A) 36 H;1;1;;;;;;MARZO;2026
42138;VP SENIOR DE COMERCIAL;DIRECCION VENTAS BOGOTA;;056 TIENDA KOAJ DIVER PLAZA;;1,0211E+13;COADMINISTRADOR(A) DE TIENDA;1;1;;;;;;MARZO;2026
42138;VP SENIOR DE COMERCIAL;DIRECCION VENTAS BOGOTA;;056 TIENDA KOAJ DIVER PLAZA;;1,04222E+13;CAJERO(A) TC;2;1;;;;;;MARZO;2026
42138;VP SENIOR DE COMERCIAL;DIRECCION VENTAS BOGOTA;;056 TIENDA KOAJ DIVER PLAZA;;1,04517E+13;STAFF COMERCIAL 36H;3;2;;;;;;MARZO;2026
42138;VP SENIOR DE COMERCIAL;DIRECCION VENTAS BOGOTA;;056 TIENDA KOAJ DIVER PLAZA;;1,04518E+13;STAFF COMERCIAL TC;7;5;;;;;;MARZO;2026
42138;VP SENIOR DE COMERCIAL;DIRECCION VENTAS BOGOTA;;056 TIENDA KOAJ DIVER PLAZA;;1,02502E+13;PARTNER COMERCIAL;0;1;;;;;;MARZO;2026
42146;VP SENIOR DE COMERCIAL;DIRECCION VENTAS BOGOTA;;060 TIENDA KOAJ CHAPINERO;;1,04222E+13;CAJERO(A) TC;2;2;;;;;;MARZO;2026
42146;VP SENIOR DE COMERCIAL;DIRECCION VENTAS BOGOTA;;060 TIENDA KOAJ CHAPINERO;;1,04517E+13;STAFF COMERCIAL 36H;4;3;;;;;;MARZO;2026
42146;VP SENIOR DE COMERCIAL;DIRECCION VENTAS BOGOTA;;060 TIENDA KOAJ CHAPINERO;;1,04518E+13;STAFF COMERCIAL TC;6;5;1;;;;;MARZO;2026
42146;VP SENIOR DE COMERCIAL;DIRECCION VENTAS BOGOTA;;060 TIENDA KOAJ CHAPINERO;;1,02058E+13;ADMINISTRADOR(A) DE TIENDA;1;1;;;;;;MARZO;2026
42146;VP SENIOR DE COMERCIAL;DIRECCION VENTAS BOGOTA;;060 TIENDA KOAJ CHAPINERO;;1,04223E+13;CAJERO(A) 36 H;1;1;;;;;;MARZO;2026
42146;VP SENIOR DE COMERCIAL;DIRECCION VENTAS BOGOTA;;060 TIENDA KOAJ CHAPINERO;;1,0211E+13;COADMINISTRADOR(A) DE TIENDA;1;1;;;;;;MARZO;2026
42162;VP SENIOR DE COMERCIAL;DIRECCION VENTAS BOGOTA;;068  TIENDA KOAJ HAYUELOS;;1,02058E+13;ADMINISTRADOR(A) DE TIENDA;1;1;;;;;;MARZO;2026
42162;VP SENIOR DE COMERCIAL;DIRECCION VENTAS BOGOTA;;068  TIENDA KOAJ HAYUELOS;;1,04222E+13;CAJERO(A) TC;2;2;;;;;;MARZO;2026
42162;VP SENIOR DE COMERCIAL;DIRECCION VENTAS BOGOTA;;068  TIENDA KOAJ HAYUELOS;;1,04223E+13;CAJERO(A) 36 H;1;1;;;;;;MARZO;2026
42162;VP SENIOR DE COMERCIAL;DIRECCION VENTAS BOGOTA;;068  TIENDA KOAJ HAYUELOS;;1,0211E+13;COADMINISTRADOR(A) DE TIENDA;1;1;;;;;;MARZO;2026
42162;VP SENIOR DE COMERCIAL;DIRECCION VENTAS BOGOTA;;068  TIENDA KOAJ HAYUELOS;;1,02502E+13;PARTNER COMERCIAL;0;0;;;;;;MARZO;2026
42162;VP SENIOR DE COMERCIAL;DIRECCION VENTAS BOGOTA;;068  TIENDA KOAJ HAYUELOS;;1,04518E+13;STAFF COMERCIAL TC;6;5;1;;;;;MARZO;2026
42162;VP SENIOR DE COMERCIAL;DIRECCION VENTAS BOGOTA;;068  TIENDA KOAJ HAYUELOS;;1,04517E+13;STAFF COMERCIAL 36H;4;2;;;;;;MARZO;2026
42170;VP SENIOR DE COMERCIAL;DIRECCION VENTAS BOGOTA;;070 TIENDA KOAJ TINTAL;;1,04223E+13;CAJERO(A) 36 H;2;2;;;;;;MARZO;2026
42170;VP SENIOR DE COMERCIAL;DIRECCION VENTAS BOGOTA;;070 TIENDA KOAJ TINTAL;;1,02502E+13;PARTNER COMERCIAL;1;1;;;;;;MARZO;2026
42170;VP SENIOR DE COMERCIAL;DIRECCION VENTAS BOGOTA;;070 TIENDA KOAJ TINTAL;;1,04517E+13;STAFF COMERCIAL 36H;2;5;;;;;;MARZO;2026
42170;VP SENIOR DE COMERCIAL;DIRECCION VENTAS BOGOTA;;070 TIENDA KOAJ TINTAL;;1,02058E+13;ADMINISTRADOR(A) DE TIENDA;1;1;;;;;;MARZO;2026
42170;VP SENIOR DE COMERCIAL;DIRECCION VENTAS BOGOTA;;070 TIENDA KOAJ TINTAL;;1,0211E+13;COADMINISTRADOR(A) DE TIENDA;1;1;;;;;;MARZO;2026
42170;VP SENIOR DE COMERCIAL;DIRECCION VENTAS BOGOTA;;070 TIENDA KOAJ TINTAL;;1,04222E+13;CAJERO(A) TC;3;2;;;;;;MARZO;2026
42170;VP SENIOR DE COMERCIAL;DIRECCION VENTAS BOGOTA;;070 TIENDA KOAJ TINTAL;;1,04518E+13;STAFF COMERCIAL TC;11;5;;;;;;MARZO;2026
42167;VP SENIOR DE COMERCIAL;DIRECCION VENTAS BOGOTA;;073 TIENDA URBANA MICENTRO - EL PORVEN;;1,04222E+13;CAJERO(A) TC;2;2;;;;;;MARZO;2026
42167;VP SENIOR DE COMERCIAL;DIRECCION VENTAS BOGOTA;;073 TIENDA URBANA MICENTRO - EL PORVEN;;1,0211E+13;COADMINISTRADOR(A) DE TIENDA;1;1;;;;;;MARZO;2026
42167;VP SENIOR DE COMERCIAL;DIRECCION VENTAS BOGOTA;;073 TIENDA URBANA MICENTRO - EL PORVEN;;1,02058E+13;ADMINISTRADOR(A) DE TIENDA;1;1;;;;;;MARZO;2026
42167;VP SENIOR DE COMERCIAL;DIRECCION VENTAS BOGOTA;;073 TIENDA URBANA MICENTRO - EL PORVEN;;1,04223E+13;CAJERO(A) 36 H;1;1;;;;;;MARZO;2026
42167;VP SENIOR DE COMERCIAL;DIRECCION VENTAS BOGOTA;;073 TIENDA URBANA MICENTRO - EL PORVEN;;1,02502E+13;PARTNER COMERCIAL;0;0;;;;;;MARZO;2026
42167;VP SENIOR DE COMERCIAL;DIRECCION VENTAS BOGOTA;;073 TIENDA URBANA MICENTRO - EL PORVEN;;1,04517E+13;STAFF COMERCIAL 36H;8;2;;;;;;MARZO;2026
42167;VP SENIOR DE COMERCIAL;DIRECCION VENTAS BOGOTA;;073 TIENDA URBANA MICENTRO - EL PORVEN;;1,04518E+13;STAFF COMERCIAL TC;3;4;1;;;;;MARZO;2026
42184;VP SENIOR DE COMERCIAL;DIRECCION VENTAS BOGOTA;;076 TIENDA KOAJ SANTAFE 1;;1,02502E+13;PARTNER COMERCIAL;1;1;;;;;;MARZO;2026
42184;VP SENIOR DE COMERCIAL;DIRECCION VENTAS BOGOTA;;076 TIENDA KOAJ SANTAFE 1;;1,04608E+13;VENDEDOR(A);1;0;;;;;;MARZO;2026
42184;VP SENIOR DE COMERCIAL;DIRECCION VENTAS BOGOTA;;076 TIENDA KOAJ SANTAFE 1;;1,04223E+13;CAJERO(A) 36 H;1;2;;;;;;MARZO;2026
42184;VP SENIOR DE COMERCIAL;DIRECCION VENTAS BOGOTA;;076 TIENDA KOAJ SANTAFE 1;;1,02058E+13;ADMINISTRADOR(A) DE TIENDA;2;1;;;;;;MARZO;2026
42184;VP SENIOR DE COMERCIAL;DIRECCION VENTAS BOGOTA;;076 TIENDA KOAJ SANTAFE 1;;1,04222E+13;CAJERO(A) TC;3;2;;;;;;MARZO;2026
42184;VP SENIOR DE COMERCIAL;DIRECCION VENTAS BOGOTA;;076 TIENDA KOAJ SANTAFE 1;;1,0211E+13;COADMINISTRADOR(A) DE TIENDA;0;1;;;;;;MARZO;2026
42184;VP SENIOR DE COMERCIAL;DIRECCION VENTAS BOGOTA;;076 TIENDA KOAJ SANTAFE 1;;1,04517E+13;STAFF COMERCIAL 36H;5;7;;;;;;MARZO;2026
42184;VP SENIOR DE COMERCIAL;DIRECCION VENTAS BOGOTA;;076 TIENDA KOAJ SANTAFE 1;;1,04518E+13;STAFF COMERCIAL TC;8;7;;;;;;MARZO;2026
42194;VP SENIOR DE COMERCIAL;DIRECCION VENTAS BOGOTA;;079 TIENDA KOAJ PLAZA DE LAS AMERICAS 1;;1,02058E+13;ADMINISTRADOR(A) DE TIENDA;1;1;;;;;;MARZO;2026
42194;VP SENIOR DE COMERCIAL;DIRECCION VENTAS BOGOTA;;079 TIENDA KOAJ PLAZA DE LAS AMERICAS 1;;1,04223E+13;CAJERO(A) 36 H;2;2;;;;;;MARZO;2026
42194;VP SENIOR DE COMERCIAL;DIRECCION VENTAS BOGOTA;;079 TIENDA KOAJ PLAZA DE LAS AMERICAS 1;;1,02502E+13;PARTNER COMERCIAL;1;1;;;;;;MARZO;2026
42194;VP SENIOR DE COMERCIAL;DIRECCION VENTAS BOGOTA;;079 TIENDA KOAJ PLAZA DE LAS AMERICAS 1;;1,04518E+13;STAFF COMERCIAL TC;7;5;;;;;;MARZO;2026
42194;VP SENIOR DE COMERCIAL;DIRECCION VENTAS BOGOTA;;079 TIENDA KOAJ PLAZA DE LAS AMERICAS 1;;1,0211E+13;COADMINISTRADOR(A) DE TIENDA;1;1;;;;;;MARZO;2026
42194;VP SENIOR DE COMERCIAL;DIRECCION VENTAS BOGOTA;;079 TIENDA KOAJ PLAZA DE LAS AMERICAS 1;;1,04222E+13;CAJERO(A) TC;2;2;1;;;;;MARZO;2026
42194;VP SENIOR DE COMERCIAL;DIRECCION VENTAS BOGOTA;;079 TIENDA KOAJ PLAZA DE LAS AMERICAS 1;;1,04517E+13;STAFF COMERCIAL 36H;6;4;;;;;;MARZO;2026
42168;VP SENIOR DE COMERCIAL;DIRECCION VENTAS BOGOTA;;081 TIENDA KOAJ K-60;;1,02502E+13;PARTNER COMERCIAL;1;1;;;;;;MARZO;2026
42168;VP SENIOR DE COMERCIAL;DIRECCION VENTAS BOGOTA;;081 TIENDA KOAJ K-60;;1,02058E+13;ADMINISTRADOR(A) DE TIENDA;2;1;;;;;;MARZO;2026
42168;VP SENIOR DE COMERCIAL;DIRECCION VENTAS BOGOTA;;081 TIENDA KOAJ K-60;;1,0211E+13;COADMINISTRADOR(A) DE TIENDA;0;1;;;;;;MARZO;2026
42168;;;;081 TIENDA KOAJ K-60;;1,04608E+13;VENDEDOR(A);4;0;;;;;;MARZO;2026
42168;VP SENIOR DE COMERCIAL;DIRECCION VENTAS BOGOTA;;081 TIENDA KOAJ K-60;;1,04223E+13;CAJERO(A) 36 H;4;4;;;;;;MARZO;2026
42168;VP SENIOR DE COMERCIAL;DIRECCION VENTAS BOGOTA;;081 TIENDA KOAJ K-60;;1,04222E+13;CAJERO(A) TC;4;3;;;;;;MARZO;2026
42168;VP SENIOR DE COMERCIAL;DIRECCION VENTAS BOGOTA;;081 TIENDA KOAJ K-60;;1,04517E+13;STAFF COMERCIAL 36H;11;7;;;;;;MARZO;2026
42168;VP SENIOR DE COMERCIAL;DIRECCION VENTAS BOGOTA;;081 TIENDA KOAJ K-60;;1,04518E+13;STAFF COMERCIAL TC;17;16;;;;;;MARZO;2026
42198;VP SENIOR DE COMERCIAL;DIRECCION VENTAS BOGOTA;;083 TIENDA KOAJ CENTRO BOGOTA;;1,02058E+13;ADMINISTRADOR(A) DE TIENDA;1;1;;;;;;MARZO;2026
42198;VP SENIOR DE COMERCIAL;DIRECCION VENTAS BOGOTA;;083 TIENDA KOAJ CENTRO BOGOTA;;1,04223E+13;CAJERO(A) 36 H;1;1;;;;;;MARZO;2026
42198;VP SENIOR DE COMERCIAL;DIRECCION VENTAS BOGOTA;;083 TIENDA KOAJ CENTRO BOGOTA;;1,04222E+13;CAJERO(A) TC;2;2;;;;;;MARZO;2026
42198;VP SENIOR DE COMERCIAL;DIRECCION VENTAS BOGOTA;;083 TIENDA KOAJ CENTRO BOGOTA;;1,0211E+13;COADMINISTRADOR(A) DE TIENDA;1;1;;;;;;MARZO;2026
42198;VP SENIOR DE COMERCIAL;DIRECCION VENTAS BOGOTA;;083 TIENDA KOAJ CENTRO BOGOTA;;1,04518E+13;STAFF COMERCIAL TC;7;6;1;;;;;MARZO;2026
42198;VP SENIOR DE COMERCIAL;DIRECCION VENTAS BOGOTA;;083 TIENDA KOAJ CENTRO BOGOTA;;1,02502E+13;PARTNER COMERCIAL;0;0;;;;;;MARZO;2026
42198;VP SENIOR DE COMERCIAL;DIRECCION VENTAS BOGOTA;;083 TIENDA KOAJ CENTRO BOGOTA;;1,04517E+13;STAFF COMERCIAL 36H;5;3;;;;;;MARZO;2026
42216;VP SENIOR DE COMERCIAL;DIRECCION VENTAS BOGOTA;;086 TIENDA KOAJ KENNEDY 1;;1,04223E+13;CAJERO(A) 36 H;1;1;;;;;;MARZO;2026
42216;VP SENIOR DE COMERCIAL;DIRECCION VENTAS BOGOTA;;086 TIENDA KOAJ KENNEDY 1;;1,04222E+13;CAJERO(A) TC;2;2;;;;;;MARZO;2026
42216;VP SENIOR DE COMERCIAL;DIRECCION VENTAS BOGOTA;;086 TIENDA KOAJ KENNEDY 1;;1,04518E+13;STAFF COMERCIAL TC;2;4;;;;;;MARZO;2026
42216;VP SENIOR DE COMERCIAL;DIRECCION VENTAS BOGOTA;;086 TIENDA KOAJ KENNEDY 1;;1,02058E+13;ADMINISTRADOR(A) DE TIENDA;1;1;;;;;;MARZO;2026
42216;VP SENIOR DE COMERCIAL;DIRECCION VENTAS BOGOTA;;086 TIENDA KOAJ KENNEDY 1;;1,0211E+13;COADMINISTRADOR(A) DE TIENDA;1;1;;;;;;MARZO;2026
42216;VP SENIOR DE COMERCIAL;DIRECCION VENTAS BOGOTA;;086 TIENDA KOAJ KENNEDY 1;;1,04517E+13;STAFF COMERCIAL 36H;6;3;;;;;;MARZO;2026
42219;VP SENIOR DE COMERCIAL;DIRECCION VENTAS BOGOTA;;087 TIENDA KOAJ SANTAFE 2;;1,02058E+13;ADMINISTRADOR(A) DE TIENDA;0;0;;;;;;MARZO;2026
42219;VP SENIOR DE COMERCIAL;DIRECCION VENTAS BOGOTA;;087 TIENDA KOAJ SANTAFE 2;;1,04223E+13;CAJERO(A) 36 H;2;2;;;;;;MARZO;2026
42219;VP SENIOR DE COMERCIAL;DIRECCION VENTAS BOGOTA;;087 TIENDA KOAJ SANTAFE 2;;1,02502E+13;PARTNER COMERCIAL;1;0;;;;;;MARZO;2026
42219;VP SENIOR DE COMERCIAL;DIRECCION VENTAS BOGOTA;;087 TIENDA KOAJ SANTAFE 2;;1,04517E+13;STAFF COMERCIAL 36H;2;2;;;;;;MARZO;2026
42219;VP SENIOR DE COMERCIAL;DIRECCION VENTAS BOGOTA;;087 TIENDA KOAJ SANTAFE 2;;1,0211E+13;COADMINISTRADOR(A) DE TIENDA;1;1;;;;;;MARZO;2026
42219;VP SENIOR DE COMERCIAL;DIRECCION VENTAS BOGOTA;;087 TIENDA KOAJ SANTAFE 2;;1,04518E+13;STAFF COMERCIAL TC;4;3;;1;;;;MARZO;2026
42219;VP SENIOR DE COMERCIAL;DIRECCION VENTAS BOGOTA;;087 TIENDA KOAJ SANTAFE 2                                                           ;;1,04222E+13;CAJERO(A) TC;1;1;;;;;;MARZO;2026
42224;VP SENIOR DE COMERCIAL;DIRECCION VENTAS BOGOTA;;090 TIENDA KOAJ KENNEDY 2;;1,02058E+13;ADMINISTRADOR(A) DE TIENDA;1;1;;;;;;MARZO;2026
42224;VP SENIOR DE COMERCIAL;DIRECCION VENTAS BOGOTA;;090 TIENDA KOAJ KENNEDY 2;;1,04222E+13;CAJERO(A) TC;2;2;;;;;;MARZO;2026
42224;VP SENIOR DE COMERCIAL;DIRECCION VENTAS BOGOTA;;090 TIENDA KOAJ KENNEDY 2;;1,04517E+13;STAFF COMERCIAL 36H;4;4;;;;;;MARZO;2026
42224;VP SENIOR DE COMERCIAL;DIRECCION VENTAS BOGOTA;;090 TIENDA KOAJ KENNEDY 2;;1,0211E+13;COADMINISTRADOR(A) DE TIENDA;1;1;;;;;;MARZO;2026
42224;VP SENIOR DE COMERCIAL;DIRECCION VENTAS BOGOTA;;090 TIENDA KOAJ KENNEDY 2;;1,04607E+13;CAJERO(A) 42 H;0;0;;;;;;MARZO;2026
42224;VP SENIOR DE COMERCIAL;DIRECCION VENTAS BOGOTA;;090 TIENDA KOAJ KENNEDY 2;;1,04518E+13;STAFF COMERCIAL TC;3;4;;;;;;MARZO;2026
42224;VP SENIOR DE COMERCIAL;DIRECCION VENTAS BOGOTA;;090 TIENDA KOAJ KENNEDY 2;;1,02502E+13;PARTNER COMERCIAL;1;1;;;;;;MARZO;2026
42224;VP SENIOR DE COMERCIAL;DIRECCION VENTAS BOGOTA;;090 TIENDA KOAJ KENNEDY 2                                                          ;;1,04223E+13;CAJERO(A) 36 H;2;1;;;;;;MARZO;2026
42227;VP SENIOR DE COMERCIAL;DIRECCION VENTAS BOGOTA;;092 TIENDA KOAJ COLINA;;1,02058E+13;ADMINISTRADOR(A) DE TIENDA;1;1;;;;;;MARZO;2026
42227;VP SENIOR DE COMERCIAL;DIRECCION VENTAS BOGOTA;;092 TIENDA KOAJ COLINA;;1,04222E+13;CAJERO(A) TC;2;2;;;;;;MARZO;2026
42227;VP SENIOR DE COMERCIAL;DIRECCION VENTAS BOGOTA;;092 TIENDA KOAJ COLINA;;1,04517E+13;STAFF COMERCIAL 36H;2;3;;;;;;MARZO;2026
42227;VP SENIOR DE COMERCIAL;DIRECCION VENTAS BOGOTA;;092 TIENDA KOAJ COLINA;;1,04518E+13;STAFF COMERCIAL TC;5;3;;;;;;MARZO;2026
42227;VP SENIOR DE COMERCIAL;DIRECCION VENTAS BOGOTA;;092 TIENDA KOAJ COLINA;;1,04223E+13;CAJERO(A) 36 H;1;1;;;;;;MARZO;2026
42227;VP SENIOR DE COMERCIAL;DIRECCION VENTAS BOGOTA;;092 TIENDA KOAJ COLINA;;1,0211E+13;COADMINISTRADOR(A) DE TIENDA;1;1;;;;;;MARZO;2026
42229;VP SENIOR DE COMERCIAL;DIRECCION VENTAS BOGOTA;;093 TIENDA KOAJ SALITRE N;;1,02058E+13;ADMINISTRADOR(A) DE TIENDA;1;1;;;;;;MARZO;2026
42229;VP SENIOR DE COMERCIAL;DIRECCION VENTAS BOGOTA;;093 TIENDA KOAJ SALITRE N;;1,04222E+13;CAJERO(A) TC;2;2;;;;;;MARZO;2026
42229;VP SENIOR DE COMERCIAL;DIRECCION VENTAS BOGOTA;;093 TIENDA KOAJ SALITRE N;;1,04517E+13;STAFF COMERCIAL 36H;4;3;;;;;;MARZO;2026
42229;VP SENIOR DE COMERCIAL;DIRECCION VENTAS BOGOTA;;093 TIENDA KOAJ SALITRE N;;1,04518E+13;STAFF COMERCIAL TC;7;5;;;;;;MARZO;2026
42229;VP SENIOR DE COMERCIAL;DIRECCION VENTAS BOGOTA;;093 TIENDA KOAJ SALITRE N;;1,04223E+13;CAJERO(A) 36 H;1;1;;;;;;MARZO;2026
42229;VP SENIOR DE COMERCIAL;DIRECCION VENTAS BOGOTA;;093 TIENDA KOAJ SALITRE N;;1,0211E+13;COADMINISTRADOR(A) DE TIENDA;1;1;;;;;;MARZO;2026
42229;VP SENIOR DE COMERCIAL;DIRECCION VENTAS BOGOTA;;093 TIENDA KOAJ SALITRE N;;1,02502E+13;PARTNER COMERCIAL;0;1;;;;;;MARZO;2026
42235;VP SENIOR DE COMERCIAL;DIRECCION VENTAS BOGOTA;;094 TIENDA KOAJ GRAN PLAZA BOSA;;1,02058E+13;ADMINISTRADOR(A) DE TIENDA;1;1;;;;;;MARZO;2026
42235;VP SENIOR DE COMERCIAL;DIRECCION VENTAS BOGOTA;;094 TIENDA KOAJ GRAN PLAZA BOSA;;1,04223E+13;CAJERO(A) 36 H;2;1;;;;;;MARZO;2026
42235;VP SENIOR DE COMERCIAL;DIRECCION VENTAS BOGOTA;;094 TIENDA KOAJ GRAN PLAZA BOSA;;1,04518E+13;STAFF COMERCIAL TC;3;3;;;;;;MARZO;2026
42235;VP SENIOR DE COMERCIAL;DIRECCION VENTAS BOGOTA;;094 TIENDA KOAJ GRAN PLAZA BOSA;;1,04222E+13;CAJERO(A) TC;2;2;1;;;;;MARZO;2026
42235;VP SENIOR DE COMERCIAL;DIRECCION VENTAS BOGOTA;;094 TIENDA KOAJ GRAN PLAZA BOSA;;1,0211E+13;COADMINISTRADOR(A) DE TIENDA;1;1;;;;;;MARZO;2026
42235;VP SENIOR DE COMERCIAL;DIRECCION VENTAS BOGOTA;;094 TIENDA KOAJ GRAN PLAZA BOSA;;1,02502E+13;PARTNER COMERCIAL;0;0;;;;;;MARZO;2026
42235;VP SENIOR DE COMERCIAL;DIRECCION VENTAS BOGOTA;;094 TIENDA KOAJ GRAN PLAZA BOSA;;1,04517E+13;STAFF COMERCIAL 36H;8;4;;;;;;MARZO;2026
42237;VP SENIOR DE COMERCIAL;DIRECCION VENTAS BOGOTA;;095 TIENDA KOAJ 20 DE JULIO;;1,02058E+13;ADMINISTRADOR(A) DE TIENDA;1;1;;;;;;MARZO;2026
42237;VP SENIOR DE COMERCIAL;DIRECCION VENTAS BOGOTA;;095 TIENDA KOAJ 20 DE JULIO;;1,04223E+13;CAJERO(A) 36 H;1;1;1;;;;;MARZO;2026
42237;VP SENIOR DE COMERCIAL;DIRECCION VENTAS BOGOTA;;095 TIENDA KOAJ 20 DE JULIO;;1,04518E+13;STAFF COMERCIAL TC;4;4;;;;;;MARZO;2026
42237;VP SENIOR DE COMERCIAL;DIRECCION VENTAS BOGOTA;;095 TIENDA KOAJ 20 DE JULIO;;1,04222E+13;CAJERO(A) TC;2;2;;;;;;MARZO;2026
42237;VP SENIOR DE COMERCIAL;DIRECCION VENTAS BOGOTA;;095 TIENDA KOAJ 20 DE JULIO;;1,0211E+13;COADMINISTRADOR(A) DE TIENDA;1;1;;;;;;MARZO;2026
42237;VP SENIOR DE COMERCIAL;DIRECCION VENTAS BOGOTA;;095 TIENDA KOAJ 20 DE JULIO;;1,04517E+13;STAFF COMERCIAL 36H;6;3;;;;;;MARZO;2026
42240;VP SENIOR DE COMERCIAL;DIRECCION VENTAS BOGOTA;;096 TIENDA KOAJ LA VICTORIA;;1,02058E+13;ADMINISTRADOR(A) DE TIENDA;1;1;;;;;;MARZO;2026
42240;VP SENIOR DE COMERCIAL;DIRECCION VENTAS BOGOTA;;096 TIENDA KOAJ LA VICTORIA;;1,0211E+13;COADMINISTRADOR(A) DE TIENDA;1;1;;;;;;MARZO;2026
42240;VP SENIOR DE COMERCIAL;DIRECCION VENTAS BOGOTA;;096 TIENDA KOAJ LA VICTORIA;;1,04518E+13;STAFF COMERCIAL TC;6;4;;;;;;MARZO;2026
42240;VP SENIOR DE COMERCIAL;DIRECCION VENTAS BOGOTA;;096 TIENDA KOAJ LA VICTORIA;;1,04517E+13;STAFF COMERCIAL 36H;4;3;;;;;;MARZO;2026
42240;VP SENIOR DE COMERCIAL;DIRECCION VENTAS BOGOTA;;096 TIENDA KOAJ LA VICTORIA;;1,04223E+13;CAJERO(A) 36 H;1;0;1;;;;;MARZO;2026
42240;VP SENIOR DE COMERCIAL;DIRECCION VENTAS BOGOTA;;096 TIENDA KOAJ LA VICTORIA;;1,04222E+13;CAJERO(A) TC;2;2;;;;;;MARZO;2026
42241;VP SENIOR DE COMERCIAL;DIRECCION VENTAS BOGOTA;;097 TIENDA KOAJ GRAN PLAZA ENSUEÑO;;1,02058E+13;ADMINISTRADOR(A) DE TIENDA;1;1;;;;;;MARZO;2026
42241;VP SENIOR DE COMERCIAL;DIRECCION VENTAS BOGOTA;;097 TIENDA KOAJ GRAN PLAZA ENSUEÑO;;1,04518E+13;STAFF COMERCIAL TC;5;4;1;;;;;MARZO;2026
42241;VP SENIOR DE COMERCIAL;DIRECCION VENTAS BOGOTA;;097 TIENDA KOAJ GRAN PLAZA ENSUEÑO;;1,0211E+13;COADMINISTRADOR(A) DE TIENDA;1;1;;;;;;MARZO;2026
42241;VP SENIOR DE COMERCIAL;DIRECCION VENTAS BOGOTA;;097 TIENDA KOAJ GRAN PLAZA ENSUEÑO;;1,02502E+13;PARTNER COMERCIAL;1;0;;;;;;MARZO;2026
42241;VP SENIOR DE COMERCIAL;DIRECCION VENTAS BOGOTA;;097 TIENDA KOAJ GRAN PLAZA ENSUEÑO;;1,04222E+13;CAJERO(A) TC;2;2;;;;;;MARZO;2026
42241;VP SENIOR DE COMERCIAL;DIRECCION VENTAS BOGOTA;;097 TIENDA KOAJ GRAN PLAZA ENSUEÑO;;1,04517E+13;STAFF COMERCIAL 36H;9;4;;;;;;MARZO;2026
42241;VP SENIOR DE COMERCIAL;DIRECCION VENTAS BOGOTA;;097 TIENDA KOAJ GRAN PLAZA ENSUEÑO;;1,04223E+13;CAJERO(A) 36 H;2;2;;;;;;MARZO;2026
42243;VP SENIOR DE COMERCIAL;DIRECCION VENTAS BOGOTA;;098 TIENDA KOAJ ALAMOS;;1,02058E+13;ADMINISTRADOR(A) DE TIENDA;1;1;;;;;;MARZO;2026
42243;VP SENIOR DE COMERCIAL;DIRECCION VENTAS BOGOTA;;098 TIENDA KOAJ ALAMOS;;1,0211E+13;COADMINISTRADOR(A) DE TIENDA;1;1;;;;;;MARZO;2026
42243;VP SENIOR DE COMERCIAL;DIRECCION VENTAS BOGOTA;;098 TIENDA KOAJ ALAMOS;;1,04517E+13;STAFF COMERCIAL 36H;6;2;;;;;;MARZO;2026
42243;VP SENIOR DE COMERCIAL;DIRECCION VENTAS BOGOTA;;098 TIENDA KOAJ ALAMOS;;1,04222E+13;CAJERO(A) TC;2;2;;;;;;MARZO;2026
42243;VP SENIOR DE COMERCIAL;DIRECCION VENTAS BOGOTA;;098 TIENDA KOAJ ALAMOS;;1,04518E+13;STAFF COMERCIAL TC;2;3;1;;;;;MARZO;2026
42243;VP SENIOR DE COMERCIAL;DIRECCION VENTAS BOGOTA;;098 TIENDA KOAJ ALAMOS                                                               ;;1,04223E+13;CAJERO(A) 36 H;1;1;;;;;;MARZO;2026
42244;VP SENIOR DE COMERCIAL;DIRECCION VENTAS BOGOTA;;099 TIENDA KOAJ SANTA LIBRADA;;1,02058E+13;ADMINISTRADOR(A) DE TIENDA;1;1;;;;;;MARZO;2026
42244;VP SENIOR DE COMERCIAL;DIRECCION VENTAS BOGOTA;;099 TIENDA KOAJ SANTA LIBRADA;;1,04222E+13;CAJERO(A) TC;2;2;;;;;;MARZO;2026
42244;VP SENIOR DE COMERCIAL;DIRECCION VENTAS BOGOTA;;099 TIENDA KOAJ SANTA LIBRADA;;1,04223E+13;CAJERO(A) 36 H;1;0;;;;;;MARZO;2026
42244;VP SENIOR DE COMERCIAL;DIRECCION VENTAS BOGOTA;;099 TIENDA KOAJ SANTA LIBRADA;;1,0211E+13;COADMINISTRADOR(A) DE TIENDA;1;1;;;;;;MARZO;2026
42244;VP SENIOR DE COMERCIAL;DIRECCION VENTAS BOGOTA;;099 TIENDA KOAJ SANTA LIBRADA;;1,04275E+13;ASESOR(A) DE VENTAS 48 H;0;0;;;;;;MARZO;2026
42244;VP SENIOR DE COMERCIAL;DIRECCION VENTAS BOGOTA;;099 TIENDA KOAJ SANTA LIBRADA;;1,04517E+13;STAFF COMERCIAL 36H;6;2;;;;;;MARZO;2026
42244;VP SENIOR DE COMERCIAL;DIRECCION VENTAS BOGOTA;;099 TIENDA KOAJ SANTA LIBRADA;;1,04518E+13;STAFF COMERCIAL TC;4;4;;;;;;MARZO;2026
42246;VP SENIOR DE COMERCIAL;DIRECCION VENTAS BOGOTA;;100 TIENDA KOAJ CARRERA DECIMA;;1,02058E+13;ADMINISTRADOR(A) DE TIENDA;1;1;;;;;;MARZO;2026
42246;VP SENIOR DE COMERCIAL;DIRECCION VENTAS BOGOTA;;100 TIENDA KOAJ CARRERA DECIMA;;1,0211E+13;COADMINISTRADOR(A) DE TIENDA;1;1;;;;;;MARZO;2026
42246;VP SENIOR DE COMERCIAL;DIRECCION VENTAS BOGOTA;;100 TIENDA KOAJ CARRERA DECIMA;;1,04222E+13;CAJERO(A) TC;2;2;;;;;;MARZO;2026
42246;VP SENIOR DE COMERCIAL;DIRECCION VENTAS BOGOTA;;100 TIENDA KOAJ CARRERA DECIMA;;1,04223E+13;CAJERO(A) 36 H;1;1;;;;;;MARZO;2026
42246;VP SENIOR DE COMERCIAL;DIRECCION VENTAS BOGOTA;;100 TIENDA KOAJ CARRERA DECIMA;;1,04517E+13;STAFF COMERCIAL 36H;6;3;;;;;;MARZO;2026
42246;VP SENIOR DE COMERCIAL;DIRECCION VENTAS BOGOTA;;100 TIENDA KOAJ CARRERA DECIMA;;1,04518E+13;STAFF COMERCIAL TC;2;4;;;;;;MARZO;2026
42036;VP SENIOR DE COMERCIAL;DIRECCION VENTAS BOGOTA;;104 TIENDA KOAJ CALLE 18  CENTRO;;1,02058E+13;ADMINISTRADOR(A) DE TIENDA;1;1;;;;;;MARZO;2026
42036;VP SENIOR DE COMERCIAL;DIRECCION VENTAS BOGOTA;;104 TIENDA KOAJ CALLE 18  CENTRO;;1,0211E+13;COADMINISTRADOR(A) DE TIENDA;1;1;;;;;;MARZO;2026
42036;VP SENIOR DE COMERCIAL;DIRECCION VENTAS BOGOTA;;104 TIENDA KOAJ CALLE 18  CENTRO;;1,04223E+13;CAJERO(A) 36 H;2;0;;;;;;MARZO;2026
42036;VP SENIOR DE COMERCIAL;DIRECCION VENTAS BOGOTA;;104 TIENDA KOAJ CALLE 18  CENTRO;;1,04222E+13;CAJERO(A) TC;1;2;;;;;;MARZO;2026
42036;VP SENIOR DE COMERCIAL;DIRECCION VENTAS BOGOTA;;104 TIENDA KOAJ CALLE 18  CENTRO;;1,04517E+13;STAFF COMERCIAL 36H;2;0;;;;;;MARZO;2026
42036;VP SENIOR DE COMERCIAL;DIRECCION VENTAS BOGOTA;;104 TIENDA KOAJ CALLE 18  CENTRO;;1,04518E+13;STAFF COMERCIAL TC;4;5;;;;;;MARZO;2026
42054;VP SENIOR DE COMERCIAL;DIRECCION VENTAS BOGOTA;;111 TIENDA KOAJ TUNAL;;1,02058E+13;ADMINISTRADOR(A) DE TIENDA;1;1;;;;;;MARZO;2026
42054;VP SENIOR DE COMERCIAL;DIRECCION VENTAS BOGOTA;;111 TIENDA KOAJ TUNAL;;1,04222E+13;CAJERO(A) TC;1;2;;;;;;MARZO;2026
42054;VP SENIOR DE COMERCIAL;DIRECCION VENTAS BOGOTA;;111 TIENDA KOAJ TUNAL;;1,0211E+13;COADMINISTRADOR(A) DE TIENDA;1;1;;;;;;MARZO;2026
42054;VP SENIOR DE COMERCIAL;DIRECCION VENTAS BOGOTA;;111 TIENDA KOAJ TUNAL;;1,04518E+13;STAFF COMERCIAL TC;2;4;;;;;;MARZO;2026
42054;VP SENIOR DE COMERCIAL;DIRECCION VENTAS BOGOTA;;111 TIENDA KOAJ TUNAL;;1,04223E+13;CAJERO(A) 36 H;2;0;;;;;;MARZO;2026
42054;VP SENIOR DE COMERCIAL;DIRECCION VENTAS BOGOTA;;111 TIENDA KOAJ TUNAL;;1,04517E+13;STAFF COMERCIAL 36H;4;0;;;;;;MARZO;2026
42127;VP SENIOR DE COMERCIAL;DIRECCION VENTAS BOGOTA;;112 TIENDA KOAJ SAUCES;;1,02058E+13;ADMINISTRADOR(A) DE TIENDA;1;1;;;;;;MARZO;2026
42127;VP SENIOR DE COMERCIAL;DIRECCION VENTAS BOGOTA;;112 TIENDA KOAJ SAUCES;;1,04223E+13;CAJERO(A) 36 H;1;1;;;;;;MARZO;2026
42127;VP SENIOR DE COMERCIAL;DIRECCION VENTAS BOGOTA;;112 TIENDA KOAJ SAUCES;;1,04222E+13;CAJERO(A) TC;2;1;;;;;;MARZO;2026
42127;VP SENIOR DE COMERCIAL;DIRECCION VENTAS BOGOTA;;112 TIENDA KOAJ SAUCES;;1,0211E+13;COADMINISTRADOR(A) DE TIENDA;1;1;;;;;;MARZO;2026
42127;VP SENIOR DE COMERCIAL;DIRECCION VENTAS BOGOTA;;112 TIENDA KOAJ SAUCES;;1,04517E+13;STAFF COMERCIAL 36H;3;2;;;;;;MARZO;2026
42127;VP SENIOR DE COMERCIAL;DIRECCION VENTAS BOGOTA;;112 TIENDA KOAJ SAUCES;;1,04518E+13;STAFF COMERCIAL TC;7;4;;;;;;MARZO;2026
42057;VP SENIOR DE COMERCIAL;DIRECCION VENTAS BOGOTA;;119 TIENDA KOAJ SAN MARTIN P1;;1,04222E+13;CAJERO(A) TC;2;2;;;;;;MARZO;2026
42057;VP SENIOR DE COMERCIAL;DIRECCION VENTAS BOGOTA;;119 TIENDA KOAJ SAN MARTIN P1;;1,02058E+13;ADMINISTRADOR(A) DE TIENDA;1;1;;;;;;MARZO;2026
42057;VP SENIOR DE COMERCIAL;DIRECCION VENTAS BOGOTA;;119 TIENDA KOAJ SAN MARTIN P1;;1,0211E+13;COADMINISTRADOR(A) DE TIENDA;1;1;;;;;;MARZO;2026
42057;VP SENIOR DE COMERCIAL;DIRECCION VENTAS BOGOTA;;119 TIENDA KOAJ SAN MARTIN P1;;1,04517E+13;STAFF COMERCIAL 36H;5;2;;;;;;MARZO;2026
42057;VP SENIOR DE COMERCIAL;DIRECCION VENTAS BOGOTA;;119 TIENDA KOAJ SAN MARTIN P1;;1,04518E+13;STAFF COMERCIAL TC;2;3;;;;;;MARZO;2026
42057;VP SENIOR DE COMERCIAL;DIRECCION VENTAS BOGOTA;;119 TIENDA KOAJ SAN MARTIN P1                                                   ;;1,04223E+13;CAJERO(A) 36 H;1;1;;;;;;MARZO;2026
42128;VP SENIOR DE COMERCIAL;DIRECCION VENTAS BOGOTA;;134 TIENDA KOAJ PORTAL 80;;1,02058E+13;ADMINISTRADOR(A) DE TIENDA;1;1;;;;;;MARZO;2026
42128;VP SENIOR DE COMERCIAL;DIRECCION VENTAS BOGOTA;;134 TIENDA KOAJ PORTAL 80;;1,04222E+13;CAJERO(A) TC;2;2;;;;;;MARZO;2026
42128;VP SENIOR DE COMERCIAL;DIRECCION VENTAS BOGOTA;;134 TIENDA KOAJ PORTAL 80;;1,0211E+13;COADMINISTRADOR(A) DE TIENDA;1;1;;;;;;MARZO;2026
42128;VP SENIOR DE COMERCIAL;DIRECCION VENTAS BOGOTA;;134 TIENDA KOAJ PORTAL 80;;1,04223E+13;CAJERO(A) 36 H;2;0;;;;;;MARZO;2026
42128;VP SENIOR DE COMERCIAL;DIRECCION VENTAS BOGOTA;;134 TIENDA KOAJ PORTAL 80;;1,02502E+13;PARTNER COMERCIAL;1;1;;;;;;MARZO;2026
42128;;;;134 TIENDA KOAJ PORTAL 80;;1,04608E+13;VENDEDOR(A);3;0;;;;;;MARZO;2026
42128;VP SENIOR DE COMERCIAL;DIRECCION VENTAS BOGOTA;;134 TIENDA KOAJ PORTAL 80;;1,04517E+13;STAFF COMERCIAL 36H;5;2;;;;;;MARZO;2026
42128;VP SENIOR DE COMERCIAL;DIRECCION VENTAS BOGOTA;;134 TIENDA KOAJ PORTAL 80;;1,04518E+13;STAFF COMERCIAL TC;7;8;;;;;;MARZO;2026
42062;VP SENIOR DE COMERCIAL;DIRECCION VENTAS BOGOTA;;138 TIENDA KOAJ PALATINO;;1,04517E+13;STAFF COMERCIAL 36H;2;2;;;;;;MARZO;2026
42062;VP SENIOR DE COMERCIAL;DIRECCION VENTAS BOGOTA;;138 TIENDA KOAJ PALATINO;;1,04518E+13;STAFF COMERCIAL TC;3;3;;;;;;MARZO;2026
42062;VP SENIOR DE COMERCIAL;DIRECCION VENTAS BOGOTA;;138 TIENDA KOAJ PALATINO;;1,02058E+13;ADMINISTRADOR(A) DE TIENDA;1;1;;;;;;MARZO;2026
42062;VP SENIOR DE COMERCIAL;DIRECCION VENTAS BOGOTA;;138 TIENDA KOAJ PALATINO;;1,04222E+13;CAJERO(A) TC;2;2;;;;;;MARZO;2026
42062;VP SENIOR DE COMERCIAL;DIRECCION VENTAS BOGOTA;;138 TIENDA KOAJ PALATINO;;1,0211E+13;COADMINISTRADOR(A) DE TIENDA;1;1;;;;;;MARZO;2026
42062;VP SENIOR DE COMERCIAL;DIRECCION VENTAS BOGOTA;;138 TIENDA KOAJ PALATINO                                                             ;;1,04223E+13;CAJERO(A) 36 H;0;0;;;;;;MARZO;2026
42068;VP SENIOR DE COMERCIAL;DIRECCION VENTAS BOGOTA;;139 TIENDA KOAJ CRA 62 A;;1,02058E+13;ADMINISTRADOR(A) DE TIENDA;1;1;;;;;;MARZO;2026
42068;VP SENIOR DE COMERCIAL;DIRECCION VENTAS BOGOTA;;139 TIENDA KOAJ CRA 62 A;;1,04223E+13;CAJERO(A) 36 H;0;1;;;;;;MARZO;2026
42068;VP SENIOR DE COMERCIAL;DIRECCION VENTAS BOGOTA;;139 TIENDA KOAJ CRA 62 A;;1,04222E+13;CAJERO(A) TC;3;2;;;;;;MARZO;2026
42068;VP SENIOR DE COMERCIAL;DIRECCION VENTAS BOGOTA;;139 TIENDA KOAJ CRA 62 A;;1,04518E+13;STAFF COMERCIAL TC;4;4;;;;;;MARZO;2026
42068;VP SENIOR DE COMERCIAL;DIRECCION VENTAS BOGOTA;;139 TIENDA KOAJ CRA 62 A;;1,0211E+13;COADMINISTRADOR(A) DE TIENDA;1;1;;;;;;MARZO;2026
42068;VP SENIOR DE COMERCIAL;DIRECCION VENTAS BOGOTA;;139 TIENDA KOAJ CRA 62 A;;1,02502E+13;PARTNER COMERCIAL;1;0;;;;;;MARZO;2026
42068;VP SENIOR DE COMERCIAL;DIRECCION VENTAS BOGOTA;;139 TIENDA KOAJ CRA 62 A;;1,04517E+13;STAFF COMERCIAL 36H;8;4;;;;;;MARZO;2026
42147;VP SENIOR DE COMERCIAL;DIRECCION VENTAS BOGOTA;;159 TIENDA KOAJ RESTREPO;;1,02058E+13;ADMINISTRADOR(A) DE TIENDA;2;1;;;;;;MARZO;2026
42147;VP SENIOR DE COMERCIAL;DIRECCION VENTAS BOGOTA;;159 TIENDA KOAJ RESTREPO;;1,04222E+13;CAJERO(A) TC;4;3;;;;;;MARZO;2026
42147;VP SENIOR DE COMERCIAL;DIRECCION VENTAS BOGOTA;;159 TIENDA KOAJ RESTREPO;;1,02502E+13;PARTNER COMERCIAL;1;1;;;;;;MARZO;2026
42147;VP SENIOR DE COMERCIAL;DIRECCION VENTAS BOGOTA;;159 TIENDA KOAJ RESTREPO;;1,04517E+13;STAFF COMERCIAL 36H;6;8;;;;;;MARZO;2026
42147;VP SENIOR DE COMERCIAL;DIRECCION VENTAS BOGOTA;;159 TIENDA KOAJ RESTREPO;;1,04518E+13;STAFF COMERCIAL TC;10;10;;;;;;MARZO;2026
42147;VP SENIOR DE COMERCIAL;DIRECCION VENTAS BOGOTA;;159 TIENDA KOAJ RESTREPO;;1,0211E+13;COADMINISTRADOR(A) DE TIENDA;0;1;;;;;;MARZO;2026
42147;VP SENIOR DE COMERCIAL;DIRECCION VENTAS BOGOTA;;159 TIENDA KOAJ RESTREPO;;1,04608E+13;VENDEDOR(A);3;0;;;;;;MARZO;2026
42147;VP SENIOR DE COMERCIAL;DIRECCION VENTAS BOGOTA;;159 TIENDA KOAJ RESTREPO;;1,04223E+13;CAJERO(A) 36 H;3;2;;;;;;MARZO;2026
42163;VP SENIOR DE COMERCIAL;DIRECCION VENTAS BOGOTA;;167 TIENDA KOAJ GRAN ESTACION;;1,04222E+13;CAJERO(A) TC;2;2;;;;;;MARZO;2026
42163;VP SENIOR DE COMERCIAL;DIRECCION VENTAS BOGOTA;;167 TIENDA KOAJ GRAN ESTACION;;1,0211E+13;COADMINISTRADOR(A) DE TIENDA;1;1;;;;;;MARZO;2026
42163;VP SENIOR DE COMERCIAL;DIRECCION VENTAS BOGOTA;;167 TIENDA KOAJ GRAN ESTACION;;1,04517E+13;STAFF COMERCIAL 36H;3;3;;;;;;MARZO;2026
42163;VP SENIOR DE COMERCIAL;DIRECCION VENTAS BOGOTA;;167 TIENDA KOAJ GRAN ESTACION;;1,04518E+13;STAFF COMERCIAL TC;7;7;;;;;;MARZO;2026
42163;VP SENIOR DE COMERCIAL;DIRECCION VENTAS BOGOTA;;167 TIENDA KOAJ GRAN ESTACION;;1,02058E+13;ADMINISTRADOR(A) DE TIENDA;1;1;;;;;;MARZO;2026
42163;VP SENIOR DE COMERCIAL;DIRECCION VENTAS BOGOTA;;167 TIENDA KOAJ GRAN ESTACION;;1,02502E+13;PARTNER COMERCIAL;1;1;;;;;;MARZO;2026
42163;VP SENIOR DE COMERCIAL;DIRECCION VENTAS BOGOTA;;167 TIENDA KOAJ GRAN ESTACION;;1,04608E+13;VENDEDOR(A);2;0;;;;;;MARZO;2026
42163;VP SENIOR DE COMERCIAL;DIRECCION VENTAS BOGOTA;;167 TIENDA KOAJ GRAN ESTACION;;1,04223E+13;CAJERO(A) 36 H;2;2;;;;;;MARZO;2026
42169;VP SENIOR DE COMERCIAL;DIRECCION VENTAS BOGOTA;;170 TIENDA KOAJ UNIC. OCCIDENTE;;1,02058E+13;ADMINISTRADOR(A) DE TIENDA;1;1;;;;;;MARZO;2026
42169;VP SENIOR DE COMERCIAL;DIRECCION VENTAS BOGOTA;;170 TIENDA KOAJ UNIC. OCCIDENTE;;1,04223E+13;CAJERO(A) 36 H;2;1;;;;;;MARZO;2026
42169;VP SENIOR DE COMERCIAL;DIRECCION VENTAS BOGOTA;;170 TIENDA KOAJ UNIC. OCCIDENTE;;1,04518E+13;STAFF COMERCIAL TC;4;4;;;;;;MARZO;2026
42169;VP SENIOR DE COMERCIAL;DIRECCION VENTAS BOGOTA;;170 TIENDA KOAJ UNIC. OCCIDENTE;;1,04222E+13;CAJERO(A) TC;1;1;;;;;;MARZO;2026
42169;VP SENIOR DE COMERCIAL;DIRECCION VENTAS BOGOTA;;170 TIENDA KOAJ UNIC. OCCIDENTE;;1,0211E+13;COADMINISTRADOR(A) DE TIENDA;1;1;;;;;;MARZO;2026
42169;VP SENIOR DE COMERCIAL;DIRECCION VENTAS BOGOTA;;170 TIENDA KOAJ UNIC. OCCIDENTE;;1,04517E+13;STAFF COMERCIAL 36H;2;0;;;;;;MARZO;2026
42183;VP SENIOR DE COMERCIAL;DIRECCION VENTAS BOGOTA;;176 TIENDA KOAJ BULEVAR;;1,02058E+13;ADMINISTRADOR(A) DE TIENDA;1;1;;;;;;MARZO;2026
42183;VP SENIOR DE COMERCIAL;DIRECCION VENTAS BOGOTA;;176 TIENDA KOAJ BULEVAR;;1,0211E+13;COADMINISTRADOR(A) DE TIENDA;1;1;;;;;;MARZO;2026
42183;VP SENIOR DE COMERCIAL;DIRECCION VENTAS BOGOTA;;176 TIENDA KOAJ BULEVAR;;1,04517E+13;STAFF COMERCIAL 36H;2;2;;;;;;MARZO;2026
42183;VP SENIOR DE COMERCIAL;DIRECCION VENTAS BOGOTA;;176 TIENDA KOAJ BULEVAR;;1,04518E+13;STAFF COMERCIAL TC;3;3;;;;;;MARZO;2026
42183;VP SENIOR DE COMERCIAL;DIRECCION VENTAS BOGOTA;;176 TIENDA KOAJ BULEVAR                                                              ;;1,04223E+13;CAJERO(A) 36 H;2;0;;;;;;MARZO;2026
42183;VP SENIOR DE COMERCIAL;DIRECCION VENTAS BOGOTA;;176 TIENDA KOAJ BULEVAR                                                              ;;1,04222E+13;CAJERO(A) TC;1;2;;;;;;MARZO;2026
42185;VP SENIOR DE COMERCIAL;DIRECCION VENTAS BOGOTA;;177 TIENDA KOAJ FONTIBON;;1,04223E+13;CAJERO(A) 36 H;1;2;;;;;;MARZO;2026
42185;VP SENIOR DE COMERCIAL;DIRECCION VENTAS BOGOTA;;177 TIENDA KOAJ FONTIBON;;1,02502E+13;PARTNER COMERCIAL;1;1;;;;;;MARZO;2026
42185;;;;177 TIENDA KOAJ FONTIBON;;1,04608E+13;VENDEDOR(A);2;0;;;;;;MARZO;2026
42185;VP SENIOR DE COMERCIAL;DIRECCION VENTAS BOGOTA;;177 TIENDA KOAJ FONTIBON;;1,02058E+13;ADMINISTRADOR(A) DE TIENDA;2;1;;;;;;MARZO;2026
42185;VP SENIOR DE COMERCIAL;DIRECCION VENTAS BOGOTA;;177 TIENDA KOAJ FONTIBON;;1,04222E+13;CAJERO(A) TC;3;2;;;;;;MARZO;2026
42185;VP SENIOR DE COMERCIAL;DIRECCION VENTAS BOGOTA;;177 TIENDA KOAJ FONTIBON;;1,0211E+13;COADMINISTRADOR(A) DE TIENDA;0;1;;;;;;MARZO;2026
42185;VP SENIOR DE COMERCIAL;DIRECCION VENTAS BOGOTA;;177 TIENDA KOAJ FONTIBON;;1,04517E+13;STAFF COMERCIAL 36H;6;2;;;;;;MARZO;2026
42185;VP SENIOR DE COMERCIAL;DIRECCION VENTAS BOGOTA;;177 TIENDA KOAJ FONTIBON;;1,04518E+13;STAFF COMERCIAL TC;10;14;;;;;;MARZO;2026
42195;VP SENIOR DE COMERCIAL;DIRECCION VENTAS BOGOTA;;178 TIENDA KOAJ PLAZA DE LAS AMERICAS 2;;1,04222E+13;CAJERO(A) TC;2;2;;;;;;MARZO;2026
42195;VP SENIOR DE COMERCIAL;DIRECCION VENTAS BOGOTA;;178 TIENDA KOAJ PLAZA DE LAS AMERICAS 2;;1,0211E+13;COADMINISTRADOR(A) DE TIENDA;1;1;;;;;;MARZO;2026
42195;VP SENIOR DE COMERCIAL;DIRECCION VENTAS BOGOTA;;178 TIENDA KOAJ PLAZA DE LAS AMERICAS 2;;1,04341E+13;ASESOR(A) DE VENTAS 36 H;0;0;;;;;;MARZO;2026
42195;VP SENIOR DE COMERCIAL;DIRECCION VENTAS BOGOTA;;178 TIENDA KOAJ PLAZA DE LAS AMERICAS 2;;1,02058E+13;ADMINISTRADOR(A) DE TIENDA;1;0;;;;;;MARZO;2026
42195;VP SENIOR DE COMERCIAL;DIRECCION VENTAS BOGOTA;;178 TIENDA KOAJ PLAZA DE LAS AMERICAS 2;;1,04275E+13;ASESOR(A) DE VENTAS 48 H;0;0;;;;;;MARZO;2026
42195;VP SENIOR DE COMERCIAL;DIRECCION VENTAS BOGOTA;;178 TIENDA KOAJ PLAZA DE LAS AMERICAS 2;;1,04223E+13;CAJERO(A) 36 H;1;0;;;;;;MARZO;2026
42195;VP SENIOR DE COMERCIAL;DIRECCION VENTAS BOGOTA;;178 TIENDA KOAJ PLAZA DE LAS AMERICAS 2;;1,04517E+13;STAFF COMERCIAL 36H;6;0;;;;;;MARZO;2026
42195;VP SENIOR DE COMERCIAL;DIRECCION VENTAS BOGOTA;;178 TIENDA KOAJ PLAZA DE LAS AMERICAS 2;;1,04518E+13;STAFF COMERCIAL TC;2;4;;;;;;MARZO;2026
42212;VP SENIOR DE COMERCIAL;DIRECCION VENTAS BOGOTA;;179 TIENDA KOAJ BOSA CENTRO;;1,0211E+13;COADMINISTRADOR(A) DE TIENDA;1;1;;;;;;MARZO;2026
42212;VP SENIOR DE COMERCIAL;DIRECCION VENTAS BOGOTA;;179 TIENDA KOAJ BOSA CENTRO;;1,02058E+13;ADMINISTRADOR(A) DE TIENDA;1;1;;;;;;MARZO;2026
42212;VP SENIOR DE COMERCIAL;DIRECCION VENTAS BOGOTA;;179 TIENDA KOAJ BOSA CENTRO;;1,04223E+13;CAJERO(A) 36 H;1;1;;;;;;MARZO;2026
42212;VP SENIOR DE COMERCIAL;DIRECCION VENTAS BOGOTA;;179 TIENDA KOAJ BOSA CENTRO;;1,04222E+13;CAJERO(A) TC;2;2;;;;;;MARZO;2026
42212;VP SENIOR DE COMERCIAL;DIRECCION VENTAS BOGOTA;;179 TIENDA KOAJ BOSA CENTRO;;1,02502E+13;PARTNER COMERCIAL;;1;;;;;;MARZO;2026
42212;VP SENIOR DE COMERCIAL;DIRECCION VENTAS BOGOTA;;179 TIENDA KOAJ BOSA CENTRO;;1,04517E+13;STAFF COMERCIAL 36H;8;2;;;;;;MARZO;2026
42212;VP SENIOR DE COMERCIAL;DIRECCION VENTAS BOGOTA;;179 TIENDA KOAJ BOSA CENTRO;;1,04518E+13;STAFF COMERCIAL TC;3;4;;;;;;MARZO;2026
42186;VP SENIOR DE COMERCIAL;DIRECCION VENTAS BOGOTA;;180 TIENDA KOAJ MERCURIO;;1,02058E+13;ADMINISTRADOR(A) DE TIENDA;2;1;;;;;;MARZO;2026
42186;VP SENIOR DE COMERCIAL;DIRECCION VENTAS BOGOTA;;180 TIENDA KOAJ MERCURIO;;1,02502E+13;PARTNER COMERCIAL;1;1;;;;;;MARZO;2026
42186;VP SENIOR DE COMERCIAL;DIRECCION VENTAS BOGOTA;;180 TIENDA KOAJ MERCURIO;;1,0211E+13;COADMINISTRADOR(A) DE TIENDA;0;1;;;;;;MARZO;2026
42186;VP SENIOR DE COMERCIAL;DIRECCION VENTAS BOGOTA;;180 TIENDA KOAJ MERCURIO;;1,04223E+13;CAJERO(A) 36 H;2;2;;;;;;MARZO;2026
42186;VP SENIOR DE COMERCIAL;DIRECCION VENTAS BOGOTA;;180 TIENDA KOAJ MERCURIO;;1,04222E+13;CAJERO(A) TC;4;2;;;;;;MARZO;2026
42186;VP SENIOR DE COMERCIAL;DIRECCION VENTAS BOGOTA;;180 TIENDA KOAJ MERCURIO;;1,04517E+13;STAFF COMERCIAL 36H;8;6;;;;;;MARZO;2026
42186;VP SENIOR DE COMERCIAL;DIRECCION VENTAS BOGOTA;;180 TIENDA KOAJ MERCURIO;;1,04518E+13;STAFF COMERCIAL TC;10;8;;;;;;MARZO;2026
42202;VP SENIOR DE COMERCIAL;DIRECCION VENTAS BOGOTA;;184 TIENDA KOAJ TOBERIN;;1,04222E+13;CAJERO(A) TC;3;3;;;;;;MARZO;2026
42202;VP SENIOR DE COMERCIAL;DIRECCION VENTAS BOGOTA;;184 TIENDA KOAJ TOBERIN;;1,02502E+13;PARTNER COMERCIAL;1;1;;;;;;MARZO;2026
42202;VP SENIOR DE COMERCIAL;DIRECCION VENTAS BOGOTA;;184 TIENDA KOAJ TOBERIN;;1,04608E+13;VENDEDOR(A);1;0;;;;;;MARZO;2026
42202;VP SENIOR DE COMERCIAL;DIRECCION VENTAS BOGOTA;;184 TIENDA KOAJ TOBERIN;;1,02058E+13;ADMINISTRADOR(A) DE TIENDA;2;1;;;;;;MARZO;2026
42202;VP SENIOR DE COMERCIAL;DIRECCION VENTAS BOGOTA;;184 TIENDA KOAJ TOBERIN;;1,0211E+13;COADMINISTRADOR(A) DE TIENDA;0;1;;;;;;MARZO;2026
42202;VP SENIOR DE COMERCIAL;DIRECCION VENTAS BOGOTA;;184 TIENDA KOAJ TOBERIN;;1,04517E+13;STAFF COMERCIAL 36H;5;11;;;;;;MARZO;2026
42202;VP SENIOR DE COMERCIAL;DIRECCION VENTAS BOGOTA;;184 TIENDA KOAJ TOBERIN;;1,04518E+13;STAFF COMERCIAL TC;12;11;;;;;;MARZO;2026
42202;VP SENIOR DE COMERCIAL;DIRECCION VENTAS BOGOTA;;184 TIENDA KOAJ TOBERIN                                                              ;;1,04223E+13;CAJERO(A) 36 H;2;2;;;;;;MARZO;2026
42220;VP SENIOR DE COMERCIAL;DIRECCION VENTAS BOGOTA;;187 TIENDA KOAJ LAS FERIAS;;1,04222E+13;CAJERO(A) TC;2;1;;;;;;MARZO;2026
42220;VP SENIOR DE COMERCIAL;DIRECCION VENTAS BOGOTA;;187 TIENDA KOAJ LAS FERIAS;;1,0211E+13;COADMINISTRADOR(A) DE TIENDA;1;1;;;;;;MARZO;2026
42220;VP SENIOR DE COMERCIAL;DIRECCION VENTAS BOGOTA;;187 TIENDA KOAJ LAS FERIAS;;1,04517E+13;STAFF COMERCIAL 36H;2;2;;;;;;MARZO;2026
42220;VP SENIOR DE COMERCIAL;DIRECCION VENTAS BOGOTA;;187 TIENDA KOAJ LAS FERIAS;;1,04518E+13;STAFF COMERCIAL TC;7;4;;;;;;MARZO;2026
42220;VP SENIOR DE COMERCIAL;DIRECCION VENTAS BOGOTA;;187 TIENDA KOAJ LAS FERIAS;;1,04223E+13;CAJERO(A) 36 H;1;1;;;;;;MARZO;2026
42220;VP SENIOR DE COMERCIAL;DIRECCION VENTAS BOGOTA;;187 TIENDA KOAJ LAS FERIAS;;1,02058E+13;ADMINISTRADOR(A) DE TIENDA;1;1;;;;;;MARZO;2026
42220;VP SENIOR DE COMERCIAL;DIRECCION VENTAS BOGOTA;;187 TIENDA KOAJ LAS FERIAS;;1,02502E+13;PARTNER COMERCIAL;;1;;;;;;MARZO;2026
42197;VP SENIOR DE COMERCIAL;DIRECCION VENTAS BOGOTA;;189 TIENDA KOAJ MONTEVIDEO;;1,02058E+13;ADMINISTRADOR(A) DE TIENDA;1;1;;;;;;MARZO;2026
42197;VP SENIOR DE COMERCIAL;DIRECCION VENTAS BOGOTA;;189 TIENDA KOAJ MONTEVIDEO;;1,04222E+13;CAJERO(A) TC;2;2;;;;;;MARZO;2026
42197;VP SENIOR DE COMERCIAL;DIRECCION VENTAS BOGOTA;;189 TIENDA KOAJ MONTEVIDEO;;1,0211E+13;COADMINISTRADOR(A) DE TIENDA;1;1;;;;;;MARZO;2026
42197;VP SENIOR DE COMERCIAL;DIRECCION VENTAS BOGOTA;;189 TIENDA KOAJ MONTEVIDEO;;1,04517E+13;STAFF COMERCIAL 36H;4;3;;;;;;MARZO;2026
42197;VP SENIOR DE COMERCIAL;DIRECCION VENTAS BOGOTA;;189 TIENDA KOAJ MONTEVIDEO;;1,04518E+13;STAFF COMERCIAL TC;2;4;;;;;;MARZO;2026
42197;VP SENIOR DE COMERCIAL;DIRECCION VENTAS BOGOTA;;189 TIENDA KOAJ MONTEVIDEO                                                      ;;1,04223E+13;CAJERO(A) 36 H;1;1;;;;;;MARZO;2026
42226;VP SENIOR DE COMERCIAL;DIRECCION VENTAS BOGOTA;;191 TIENDA KOAJ PLAZA CENTRAL;;1,02058E+13;ADMINISTRADOR(A) DE TIENDA;1;1;;;;;;MARZO;2026
42226;VP SENIOR DE COMERCIAL;DIRECCION VENTAS BOGOTA;;191 TIENDA KOAJ PLAZA CENTRAL;;1,04223E+13;CAJERO(A) 36 H;2;1;;;;;;MARZO;2026
42226;VP SENIOR DE COMERCIAL;DIRECCION VENTAS BOGOTA;;191 TIENDA KOAJ PLAZA CENTRAL;;1,04222E+13;CAJERO(A) TC;3;2;;;;;;MARZO;2026
42226;VP SENIOR DE COMERCIAL;DIRECCION VENTAS BOGOTA;;191 TIENDA KOAJ PLAZA CENTRAL;;1,0211E+13;COADMINISTRADOR(A) DE TIENDA;1;1;;;;;;MARZO;2026
42226;VP SENIOR DE COMERCIAL;DIRECCION VENTAS BOGOTA;;191 TIENDA KOAJ PLAZA CENTRAL;;1,02502E+13;PARTNER COMERCIAL;1;1;;;;;;MARZO;2026
42226;VP SENIOR DE COMERCIAL;DIRECCION VENTAS BOGOTA;;191 TIENDA KOAJ PLAZA CENTRAL;;1,04517E+13;STAFF COMERCIAL 36H;3;4;;;;;;MARZO;2026
42226;;;;191 TIENDA KOAJ PLAZA CENTRAL;;1,04608E+13;VENDEDOR(A);2;0;;;;;;MARZO;2026
42226;VP SENIOR DE COMERCIAL;DIRECCION VENTAS BOGOTA;;191 TIENDA KOAJ PLAZA CENTRAL;;1,04518E+13;STAFF COMERCIAL TC;8;8;;;;;;MARZO;2026
42234;VP SENIOR DE COMERCIAL;DIRECCION VENTAS BOGOTA;;193 TIENDA KOAJ LA FELICIDAD;;1,02058E+13;ADMINISTRADOR(A) DE TIENDA;2;1;;;;;;MARZO;2026
42234;VP SENIOR DE COMERCIAL;DIRECCION VENTAS BOGOTA;;193 TIENDA KOAJ LA FELICIDAD;;1,04223E+13;CAJERO(A) 36 H;2;2;;;;;;MARZO;2026
42234;VP SENIOR DE COMERCIAL;DIRECCION VENTAS BOGOTA;;193 TIENDA KOAJ LA FELICIDAD;;1,0211E+13;COADMINISTRADOR(A) DE TIENDA;0;1;;;;;;MARZO;2026
42234;VP SENIOR DE COMERCIAL;DIRECCION VENTAS BOGOTA;;193 TIENDA KOAJ LA FELICIDAD;;1,02502E+13;PARTNER COMERCIAL;1;1;;;;;;MARZO;2026
42234;;;;193 TIENDA KOAJ LA FELICIDAD;;1,04608E+13;VENDEDOR(A);3;0;;;;;;MARZO;2026
42234;VP SENIOR DE COMERCIAL;DIRECCION VENTAS BOGOTA;;193 TIENDA KOAJ LA FELICIDAD;;1,04517E+13;STAFF COMERCIAL 36H;7;2;;;;;;MARZO;2026
42234;VP SENIOR DE COMERCIAL;DIRECCION VENTAS BOGOTA;;193 TIENDA KOAJ LA FELICIDAD;;1,04222E+13;CAJERO(A) TC;3;2;;;;;;MARZO;2026
42234;VP SENIOR DE COMERCIAL;DIRECCION VENTAS BOGOTA;;193 TIENDA KOAJ LA FELICIDAD;;1,04518E+13;STAFF COMERCIAL TC;10;12;;;;;;MARZO;2026
42236;VP SENIOR DE COMERCIAL;DIRECCION VENTAS BOGOTA;;194 TIENDA KOAJ VENTURA TERREROS;;1,0211E+13;COADMINISTRADOR(A) DE TIENDA;1;1;;;;;;MARZO;2026
42236;VP SENIOR DE COMERCIAL;DIRECCION VENTAS BOGOTA;;194 TIENDA KOAJ VENTURA TERREROS;;1,04223E+13;CAJERO(A) 36 H;2;1;;;;;;MARZO;2026
42236;VP SENIOR DE COMERCIAL;DIRECCION VENTAS BOGOTA;;194 TIENDA KOAJ VENTURA TERREROS;;1,02058E+13;ADMINISTRADOR(A) DE TIENDA;1;1;;;;;;MARZO;2026
42236;VP SENIOR DE COMERCIAL;DIRECCION VENTAS BOGOTA;;194 TIENDA KOAJ VENTURA TERREROS;;1,04222E+13;CAJERO(A) TC;2;2;;;;;;MARZO;2026
42236;VP SENIOR DE COMERCIAL;DIRECCION VENTAS BOGOTA;;194 TIENDA KOAJ VENTURA TERREROS;;1,04517E+13;STAFF COMERCIAL 36H;6;2;;;;;;MARZO;2026
42236;VP SENIOR DE COMERCIAL;DIRECCION VENTAS BOGOTA;;194 TIENDA KOAJ VENTURA TERREROS;;1,04518E+13;STAFF COMERCIAL TC;2;3;;;;;;MARZO;2026
42238;VP SENIOR DE COMERCIAL;DIRECCION VENTAS BOGOTA;;195 TIENDA KOAJ METROPOLIS;;1,02058E+13;ADMINISTRADOR(A) DE TIENDA;1;1;;;;;;MARZO;2026
42238;VP SENIOR DE COMERCIAL;DIRECCION VENTAS BOGOTA;;195 TIENDA KOAJ METROPOLIS;;1,04223E+13;CAJERO(A) 36 H;2;1;;;;;;MARZO;2026
42238;VP SENIOR DE COMERCIAL;DIRECCION VENTAS BOGOTA;;195 TIENDA KOAJ METROPOLIS;;1,0211E+13;COADMINISTRADOR(A) DE TIENDA;1;1;;;;;;MARZO;2026
42238;VP SENIOR DE COMERCIAL;DIRECCION VENTAS BOGOTA;;195 TIENDA KOAJ METROPOLIS;;1,04518E+13;STAFF COMERCIAL TC;3;3;;;;;;MARZO;2026
42238;VP SENIOR DE COMERCIAL;DIRECCION VENTAS BOGOTA;;195 TIENDA KOAJ METROPOLIS;;1,04222E+13;CAJERO(A) TC;1;1;;;;;;MARZO;2026
42238;VP SENIOR DE COMERCIAL;DIRECCION VENTAS BOGOTA;;195 TIENDA KOAJ METROPOLIS;;1,04517E+13;STAFF COMERCIAL 36H;0;1;;;;;;MARZO;2026
42239;VP SENIOR DE COMERCIAL;DIRECCION VENTAS BOGOTA;;196 TIENDA KOAJ LUCERO;;1,0211E+13;COADMINISTRADOR(A) DE TIENDA;1;1;;;;;;MARZO;2026
42239;VP SENIOR DE COMERCIAL;DIRECCION VENTAS BOGOTA;;196 TIENDA KOAJ LUCERO;;1,04517E+13;STAFF COMERCIAL 36H;4;2;;;;;;MARZO;2026
42239;VP SENIOR DE COMERCIAL;DIRECCION VENTAS BOGOTA;;196 TIENDA KOAJ LUCERO;;1,04223E+13;CAJERO(A) 36 H;0;0;;;;;;MARZO;2026
42239;VP SENIOR DE COMERCIAL;DIRECCION VENTAS BOGOTA;;196 TIENDA KOAJ LUCERO;;1,04222E+13;CAJERO(A) TC;2;2;;;;;;MARZO;2026
42239;VP SENIOR DE COMERCIAL;DIRECCION VENTAS BOGOTA;;196 TIENDA KOAJ LUCERO;;1,02058E+13;ADMINISTRADOR(A) DE TIENDA;1;1;;;;;;MARZO;2026
42239;VP SENIOR DE COMERCIAL;DIRECCION VENTAS BOGOTA;;196 TIENDA KOAJ LUCERO;;1,04518E+13;STAFF COMERCIAL TC;2;3;;2;;;;MARZO;2026
42242;VP SENIOR DE COMERCIAL;DIRECCION VENTAS BOGOTA;;197 TIENDA KOAJ GAITANA;;1,04222E+13;CAJERO(A) TC;2;2;;;;;;MARZO;2026
42242;VP SENIOR DE COMERCIAL;DIRECCION VENTAS BOGOTA;;197 TIENDA KOAJ GAITANA;;1,0211E+13;COADMINISTRADOR(A) DE TIENDA;1;1;;;;;;MARZO;2026
42242;VP SENIOR DE COMERCIAL;DIRECCION VENTAS BOGOTA;;197 TIENDA KOAJ GAITANA;;1,04517E+13;STAFF COMERCIAL 36H;2;3;;;;;;MARZO;2026
42242;VP SENIOR DE COMERCIAL;DIRECCION VENTAS BOGOTA;;197 TIENDA KOAJ GAITANA;;1,04518E+13;STAFF COMERCIAL TC;5;4;;;;;;MARZO;2026
42242;VP SENIOR DE COMERCIAL;DIRECCION VENTAS BOGOTA;;197 TIENDA KOAJ GAITANA;;1,02058E+13;ADMINISTRADOR(A) DE TIENDA;1;1;;;;;;MARZO;2026
42242;VP SENIOR DE COMERCIAL;DIRECCION VENTAS BOGOTA;;197 TIENDA KOAJ GAITANA;;1,04223E+13;CAJERO(A) 36H;0;1;;;;;;MARZO;2026
42245;VP SENIOR DE COMERCIAL;DIRECCION VENTAS BOGOTA;;199 TIENDA KOAJ EL EDEN;;1,04517E+13;STAFF COMERCIAL 36H;2;0;;;;;;MARZO;2026
42245;VP SENIOR DE COMERCIAL;DIRECCION VENTAS BOGOTA;;199 TIENDA KOAJ EL EDEN;;1,04518E+13;STAFF COMERCIAL TC;4;5;;;;;;MARZO;2026
42245;VP SENIOR DE COMERCIAL;DIRECCION VENTAS BOGOTA;;199 TIENDA KOAJ EL EDEN;;1,02058E+13;ADMINISTRADOR(A) DE TIENDA;1;1;;;;;;MARZO;2026
42245;VP SENIOR DE COMERCIAL;DIRECCION VENTAS BOGOTA;;199 TIENDA KOAJ EL EDEN;;1,04222E+13;CAJERO(A) TC;2;2;;;;;;MARZO;2026
42245;VP SENIOR DE COMERCIAL;DIRECCION VENTAS BOGOTA;;199 TIENDA KOAJ EL EDEN;;1,0211E+13;COADMINISTRADOR(A) DE TIENDA;1;1;;;;;;MARZO;2026
42245;VP SENIOR DE COMERCIAL;DIRECCION VENTAS BOGOTA;;199 TIENDA KOAJ EL EDEN                                                               ;;1,04223E+13;CAJERO(A) 36 H;1;0;;;;;;MARZO;2026
42247;VP SENIOR DE COMERCIAL;DIRECCION VENTAS BOGOTA;;200-TIENDA KOAJ VENTURA TERREROS II;;1,04518E+13;STAFF COMERCIAL TC;2;4;;;;;;MARZO;2026
42247;VP SENIOR DE COMERCIAL;DIRECCION VENTAS BOGOTA;;200-TIENDA KOAJ VENTURA TERREROS II;;1,02058E+13;ADMINISTRADOR(A) DE TIENDA;1;1;;;;;;MARZO;2026
42247;VP SENIOR DE COMERCIAL;DIRECCION VENTAS BOGOTA;;200-TIENDA KOAJ VENTURA TERREROS II;;1,04223E+13;CAJERO(A) 36 H;1;1;;;;;;MARZO;2026
42247;VP SENIOR DE COMERCIAL;DIRECCION VENTAS BOGOTA;;200-TIENDA KOAJ VENTURA TERREROS II;;1,0211E+13;COADMINISTRADOR(A) DE TIENDA;1;1;;;;;;MARZO;2026
42247;VP SENIOR DE COMERCIAL;DIRECCION VENTAS BOGOTA;;200-TIENDA KOAJ VENTURA TERREROS II;;1,04517E+13;STAFF COMERCIAL 36H;3;3;;;;;;MARZO;2026
42247;VP SENIOR DE COMERCIAL;DIRECCION VENTAS BOGOTA;;200-TIENDA KOAJ VENTURA TERREROS II                                     ;;1,04222E+13;CAJERO(A) TC;2;2;;;;;;MARZO;2026
42248;VP SENIOR DE COMERCIAL;DIRECCION VENTAS BOGOTA;;530 TIENDA KOAJ SUBA RINCON;;1,04223E+13;CAJERO(A) 36 H;1;2;;;;;;MARZO;2026
42248;VP SENIOR DE COMERCIAL;DIRECCION VENTAS BOGOTA;;530 TIENDA KOAJ SUBA RINCON;;1,04517E+13;STAFF COMERCIAL 36H;2;2;;;;;;MARZO;2026
42248;VP SENIOR DE COMERCIAL;DIRECCION VENTAS BOGOTA;;530 TIENDA KOAJ SUBA RINCON;;1,0211E+13;COADMINISTRADOR(A) DE TIENDA;1;1;;;;;;MARZO;2026
42248;VP SENIOR DE COMERCIAL;DIRECCION VENTAS BOGOTA;;530 TIENDA KOAJ SUBA RINCON;;1,04222E+13;CAJERO(A) TC;1;1;;;;;;MARZO;2026
42248;VP SENIOR DE COMERCIAL;DIRECCION VENTAS BOGOTA;;530 TIENDA KOAJ SUBA RINCON;;1,02058E+13;ADMINISTRADOR(A) DE TIENDA;1;1;;;;;;MARZO;2026
42248;VP SENIOR DE COMERCIAL;DIRECCION VENTAS BOGOTA;;530 TIENDA KOAJ SUBA RINCON;;1,04518E+13;STAFF COMERCIAL TC;3;3;1;;;;;MARZO;2026
42249;VP SENIOR DE COMERCIAL;DIRECCION VENTAS BOGOTA;;531 TIENDA KOAJ TUNAL II;;1,02058E+13;ADMINISTRADOR(A) DE TIENDA;1;0;;;;;;MARZO;2026
42249;VP SENIOR DE COMERCIAL;DIRECCION VENTAS BOGOTA;;531 TIENDA KOAJ TUNAL II;;1,04223E+13;CAJERO(A) 36 H;0;0;;;;;;MARZO;2026
42249;VP SENIOR DE COMERCIAL;DIRECCION VENTAS BOGOTA;;531 TIENDA KOAJ TUNAL II;;1,04222E+13;CAJERO(A) TC;2;2;;;;;;MARZO;2026
42249;VP SENIOR DE COMERCIAL;DIRECCION VENTAS BOGOTA;;531 TIENDA KOAJ TUNAL II;;1,0211E+13;COADMINISTRADOR(A) DE TIENDA;1;1;;;;;;MARZO;2026
42249;VP SENIOR DE COMERCIAL;DIRECCION VENTAS BOGOTA;;531 TIENDA KOAJ TUNAL II;;1,04517E+13;STAFF COMERCIAL 36H;2;2;;;;;;MARZO;2026
42249;VP SENIOR DE COMERCIAL;DIRECCION VENTAS BOGOTA;;531 TIENDA KOAJ TUNAL II;;1,04518E+13;STAFF COMERCIAL TC;2;2;;;;;;MARZO;2026
42250;VP SENIOR DE COMERCIAL;DIRECCION VENTAS BOGOTA;;532 TIENDA KOAJ PASEO VILLA DEL RIO;;1,04517E+13;STAFF COMERCIAL 36H;8;12;;;;;;MARZO;2026
42250;VP SENIOR DE COMERCIAL;DIRECCION VENTAS BOGOTA;;532 TIENDA KOAJ PASEO VILLA DEL RIO;;1,02058E+13;ADMINISTRADOR(A) DE TIENDA;1;1;;;;;;MARZO;2026
42250;VP SENIOR DE COMERCIAL;DIRECCION VENTAS BOGOTA;;532 TIENDA KOAJ PASEO VILLA DEL RIO;;1,0211E+13;COADMINISTRADOR(A) DE TIENDA;1;1;;;;;;MARZO;2026
42250;VP SENIOR DE COMERCIAL;DIRECCION VENTAS BOGOTA;;532 TIENDA KOAJ PASEO VILLA DEL RIO;;1,02502E+13;PARTNER COMERCIAL;1;1;;;;;;MARZO;2026
42250;;;;532 TIENDA KOAJ PASEO VILLA DEL RIO;;1,04608E+13;VENDEDOR(A);4;0;;;;;;MARZO;2026
42250;VP SENIOR DE COMERCIAL;DIRECCION VENTAS BOGOTA;;532 TIENDA KOAJ PASEO VILLA DEL RIO;;1,04223E+13;CAJERO(A) 36 H;2;2;;;;;;MARZO;2026
42250;VP SENIOR DE COMERCIAL;DIRECCION VENTAS BOGOTA;;532 TIENDA KOAJ PASEO VILLA DEL RIO;;1,04222E+13;CAJERO(A) TC;3;2;;;;;;MARZO;2026
42250;VP SENIOR DE COMERCIAL;DIRECCION VENTAS BOGOTA;;532 TIENDA KOAJ PASEO VILLA DEL RIO;;1,04518E+13;STAFF COMERCIAL TC;6;2;;;;;;MARZO;2026
42252;VP SENIOR DE COMERCIAL;DIRECCION VENTAS BOGOTA;;537 TIENDA KOAJ RESTREPO 2;;1,04222E+13;CAJERO(A) TC;2;2;;;;;;MARZO;2026
42252;VP SENIOR DE COMERCIAL;DIRECCION VENTAS BOGOTA;;537 TIENDA KOAJ RESTREPO 2;;1,0211E+13;COADMINISTRADOR(A) DE TIENDA;1;1;;;;;;MARZO;2026
42252;VP SENIOR DE COMERCIAL;DIRECCION VENTAS BOGOTA;;537 TIENDA KOAJ RESTREPO 2;;1,04518E+13;STAFF COMERCIAL TC;4;3;;;;;;MARZO;2026
42252;VP SENIOR DE COMERCIAL;DIRECCION VENTAS BOGOTA;;537 TIENDA KOAJ RESTREPO 2;;1,04223E+13;CAJERO(A) 36 H;1;0;;;;;;MARZO;2026
42252;VP SENIOR DE COMERCIAL;DIRECCION VENTAS BOGOTA;;537 TIENDA KOAJ RESTREPO 2;;1,02058E+13;ADMINISTRADOR(A) DE TIENDA;1;1;;;;;;MARZO;2026
42252;VP SENIOR DE COMERCIAL;DIRECCION VENTAS BOGOTA;;537 TIENDA KOAJ RESTREPO 2;;1,04517E+13;STAFF COMERCIAL 36H;3;2;;;;;;MARZO;2026
42253;VP SENIOR DE COMERCIAL;DIRECCION VENTAS BOGOTA;;538 TIENDA KOAJ NUESTRO BOGOTA;;1,04222E+13;CAJERO(A) TC;2;2;;;;;;MARZO;2026
42253;VP SENIOR DE COMERCIAL;DIRECCION VENTAS BOGOTA;;538 TIENDA KOAJ NUESTRO BOGOTA;;1,04518E+13;STAFF COMERCIAL TC;7;5;;;;;;MARZO;2026
42253;VP SENIOR DE COMERCIAL;DIRECCION VENTAS BOGOTA;;538 TIENDA KOAJ NUESTRO BOGOTA;;1,04223E+13;CAJERO(A) 36 H;1;1;;;;;;MARZO;2026
42253;VP SENIOR DE COMERCIAL;DIRECCION VENTAS BOGOTA;;538 TIENDA KOAJ NUESTRO BOGOTA;;1,0211E+13;COADMINISTRADOR(A) DE TIENDA;1;1;;;;;;MARZO;2026
42253;VP SENIOR DE COMERCIAL;DIRECCION VENTAS BOGOTA;;538 TIENDA KOAJ NUESTRO BOGOTA;;1,02058E+13;ADMINISTRADOR(A) DE TIENDA;1;1;;;;;;MARZO;2026
42253;VP SENIOR DE COMERCIAL;DIRECCION VENTAS BOGOTA;;538 TIENDA KOAJ NUESTRO BOGOTA;;1,04517E+13;STAFF COMERCIAL 36H;3;2;;;;;;MARZO;2026
42253;VP SENIOR DE COMERCIAL;DIRECCION VENTAS BOGOTA;;538 TIENDA KOAJ NUESTRO BOGOTA;;1,02502E+13;PARTNER COMERCIAL;0;1;;;;;;MARZO;2026
42254;VP SENIOR DE COMERCIAL;DIRECCION VENTAS BOGOTA;;539 TIENDA KOAJ CALLE 12 CENTRO;;1,04222E+13;CAJERO(A) TC;2;2;;;;;;MARZO;2026
42254;VP SENIOR DE COMERCIAL;DIRECCION VENTAS BOGOTA;;539 TIENDA KOAJ CALLE 12 CENTRO;;1,04223E+13;CAJERO(A) 36 H;0;0;;;;;;MARZO;2026
42254;VP SENIOR DE COMERCIAL;DIRECCION VENTAS BOGOTA;;539 TIENDA KOAJ CALLE 12 CENTRO;;1,04517E+13;STAFF COMERCIAL 36H;1;2;;;;;;MARZO;2026
42254;VP SENIOR DE COMERCIAL;DIRECCION VENTAS BOGOTA;;539 TIENDA KOAJ CALLE 12 CENTRO;;1,0211E+13;COADMINISTRADOR(A) DE TIENDA;1;1;;;;;;MARZO;2026
42254;VP SENIOR DE COMERCIAL;DIRECCION VENTAS BOGOTA;;539 TIENDA KOAJ CALLE 12 CENTRO;;1,02058E+13;ADMINISTRADOR(A) DE TIENDA;1;1;;;;;;MARZO;2026
42254;VP SENIOR DE COMERCIAL;DIRECCION VENTAS BOGOTA;;539 TIENDA KOAJ CALLE 12 CENTRO;;1,04518E+13;STAFF COMERCIAL TC;4;3;;;;;;MARZO;2026
42258;VP SENIOR DE COMERCIAL;DIRECCION VENTAS BOGOTA;;541 TIENDA KOAJ FACTORY;;1,02058E+13;ADMINISTRADOR(A) DE TIENDA;1;1;;;;;;MARZO;2026
42258;VP SENIOR DE COMERCIAL;DIRECCION VENTAS BOGOTA;;541 TIENDA KOAJ FACTORY;;1,04223E+13;CAJERO(A) 36 H;1;1;;;;;;MARZO;2026
42258;VP SENIOR DE COMERCIAL;DIRECCION VENTAS BOGOTA;;541 TIENDA KOAJ FACTORY;;1,04222E+13;CAJERO(A) TC;2;2;;;;;;MARZO;2026
42258;VP SENIOR DE COMERCIAL;DIRECCION VENTAS BOGOTA;;541 TIENDA KOAJ FACTORY;;1,0211E+13;COADMINISTRADOR(A) DE TIENDA;1;1;;;;;;MARZO;2026
42258;VP SENIOR DE COMERCIAL;DIRECCION VENTAS BOGOTA;;541 TIENDA KOAJ FACTORY;;1,04517E+13;STAFF COMERCIAL 36H;3;2;;;;;;MARZO;2026
42258;VP SENIOR DE COMERCIAL;DIRECCION VENTAS BOGOTA;;541 TIENDA KOAJ FACTORY;;1,04518E+13;STAFF COMERCIAL TC;2;3;;;;;;MARZO;2026
42259;VP SENIOR DE COMERCIAL;DIRECCION VENTAS BOGOTA;;542 TIENDA KOAJ BOSA LA LIBERTAD;;1,02058E+13;ADMINISTRADOR(A) DE TIENDA;1;1;;;;;;MARZO;2026
42259;VP SENIOR DE COMERCIAL;DIRECCION VENTAS BOGOTA;;542 TIENDA KOAJ BOSA LA LIBERTAD;;1,0211E+13;COADMINISTRADOR(A) DE TIENDA;1;1;;;;;;MARZO;2026
42259;VP SENIOR DE COMERCIAL;DIRECCION VENTAS BOGOTA;;542 TIENDA KOAJ BOSA LA LIBERTAD;;1,02502E+13;PARTNER COMERCIAL;1;1;;;;;;MARZO;2026
42259;VP SENIOR DE COMERCIAL;DIRECCION VENTAS BOGOTA;;542 TIENDA KOAJ BOSA LA LIBERTAD;;1,04222E+13;CAJERO(A) TC;3;2;;;;;;MARZO;2026
42259;VP SENIOR DE COMERCIAL;DIRECCION VENTAS BOGOTA;;542 TIENDA KOAJ BOSA LA LIBERTAD;;1,04223E+13;CAJERO(A) 36 H;1;2;;;;;;MARZO;2026
42259;VP SENIOR DE COMERCIAL;DIRECCION VENTAS BOGOTA;;542 TIENDA KOAJ BOSA LA LIBERTAD;;1,04517E+13;STAFF COMERCIAL 36H;7;4;;;;;;MARZO;2026
42259;VP SENIOR DE COMERCIAL;DIRECCION VENTAS BOGOTA;;542 TIENDA KOAJ BOSA LA LIBERTAD;;1,04518E+13;STAFF COMERCIAL TC;8;6;;;;;;MARZO;2026
42260;VP SENIOR DE COMERCIAL;DIRECCION VENTAS BOGOTA;;544 TIENDA KOAJ CENTRO MAYOR II;;1,02058E+13;ADMINISTRADOR(A) DE TIENDA;0;0;;;;;;MARZO;2026
42260;VP SENIOR DE COMERCIAL;DIRECCION VENTAS BOGOTA;;544 TIENDA KOAJ CENTRO MAYOR II;;1,02502E+13;PARTNER COMERCIAL;1;0;;;;;;MARZO;2026
42260;VP SENIOR DE COMERCIAL;DIRECCION VENTAS BOGOTA;;544 TIENDA KOAJ CENTRO MAYOR II;;1,04222E+13;CAJERO(A) TC;2;0;;;;;;MARZO;2026
42260;VP SENIOR DE COMERCIAL;DIRECCION VENTAS BOGOTA;;544 TIENDA KOAJ CENTRO MAYOR II;;1,0211E+13;COADMINISTRADOR(A) DE TIENDA;1;0;;;;;;MARZO;2026
42260;VP SENIOR DE COMERCIAL;DIRECCION VENTAS BOGOTA;;544 TIENDA KOAJ CENTRO MAYOR II;;1,04223E+13;CAJERO(A) 36 H;1;0;;;;;;MARZO;2026
42260;VP SENIOR DE COMERCIAL;DIRECCION VENTAS BOGOTA;;544 TIENDA KOAJ CENTRO MAYOR II;;1,04517E+13;STAFF COMERCIAL 36H;6;0;;;;;;MARZO;2026
42260;VP SENIOR DE COMERCIAL;DIRECCION VENTAS BOGOTA;;544 TIENDA KOAJ CENTRO MAYOR II;;1,04518E+13;STAFF COMERCIAL TC;8;0;;;;;;MARZO;2026
42261;VP SENIOR DE COMERCIAL;DIRECCION VENTAS BOGOTA;;545 TIENDA KOAJ TITAN III;;1,04222E+13;CAJERO(A) TC;8;7;;;;;;MARZO;2026
42261;VP SENIOR DE COMERCIAL;DIRECCION VENTAS BOGOTA;;545 TIENDA KOAJ TITAN III;;1,04275E+13;ASESOR(A) DE VENTAS 48 H;0;0;;;;;;MARZO;2026
42261;VP SENIOR DE COMERCIAL;DIRECCION VENTAS BOGOTA;;545 TIENDA KOAJ TITAN III;;1,02502E+13;PARTNER COMERCIAL;2;1;;;;;;MARZO;2026
42261;VP SENIOR DE COMERCIAL;DIRECCION VENTAS BOGOTA;;545 TIENDA KOAJ TITAN III;;1,04223E+13;CAJERO(A) 36 H;0;0;;;;;;MARZO;2026
42261;VP SENIOR DE COMERCIAL;DIRECCION VENTAS BOGOTA;;545 TIENDA KOAJ TITAN III;;1,04608E+13;VENDEDOR(A);6;0;;;;;;MARZO;2026
42261;VP SENIOR DE COMERCIAL;DIRECCION VENTAS BOGOTA;;545 TIENDA KOAJ TITAN III;;1,0211E+13;COADMINISTRADOR(A) DE TIENDA;0;1;;;;;;MARZO;2026
42261;VP SENIOR DE COMERCIAL;DIRECCION VENTAS BOGOTA;;545 TIENDA KOAJ TITAN III;;1,04518E+13;STAFF COMERCIAL TC;19;20;;;1;;;MARZO;2026
42261;VP SENIOR DE COMERCIAL;DIRECCION VENTAS BOGOTA;;545 TIENDA KOAJ TITAN III;;1,02058E+13;ADMINISTRADOR(A) DE TIENDA;2;1;;;;;;MARZO;2026
42261;VP SENIOR DE COMERCIAL;DIRECCION VENTAS BOGOTA;;545 TIENDA KOAJ TITAN III;;1,04517E+13;STAFF COMERCIAL 36H;13;12;;;;;;MARZO;2026
42263;VP SENIOR DE COMERCIAL;DIRECCION VENTAS BOGOTA;;547 TIENDA KOAJ PERDOMO;;1,0211E+13;COADMINISTRADOR(A) DE TIENDA;1;1;;;;;;MARZO;2026
42263;VP SENIOR DE COMERCIAL;DIRECCION VENTAS BOGOTA;;547 TIENDA KOAJ PERDOMO;;1,04223E+13;CAJERO(A) 36 H;1;1;;;;;;MARZO;2026
42263;VP SENIOR DE COMERCIAL;DIRECCION VENTAS BOGOTA;;547 TIENDA KOAJ PERDOMO;;1,02058E+13;ADMINISTRADOR(A) DE TIENDA;1;1;;;;;;MARZO;2026
42263;VP SENIOR DE COMERCIAL;DIRECCION VENTAS BOGOTA;;547 TIENDA KOAJ PERDOMO;;1,04222E+13;CAJERO(A) TC;2;2;;;;;;MARZO;2026
42263;VP SENIOR DE COMERCIAL;DIRECCION VENTAS BOGOTA;;547 TIENDA KOAJ PERDOMO;;1,04517E+13;STAFF COMERCIAL 36H;8;2;;;;;;MARZO;2026
42263;VP SENIOR DE COMERCIAL;DIRECCION VENTAS BOGOTA;;547 TIENDA KOAJ PERDOMO;;1,04518E+13;STAFF COMERCIAL TC;5;4;;;;;;MARZO;2026
42267;VP SENIOR DE COMERCIAL;DIRECCION VENTAS BOGOTA;;549 TIENDA KOAJ CARRERA DECIMA II;;1,02058E+13;ADMINISTRADOR(A) DE TIENDA;1;1;;;;;;MARZO;2026
42267;VP SENIOR DE COMERCIAL;DIRECCION VENTAS BOGOTA;;549 TIENDA KOAJ CARRERA DECIMA II;;1,0211E+13;COADMINISTRADOR(A) DE TIENDA;1;1;;;;;;MARZO;2026
42267;VP SENIOR DE COMERCIAL;DIRECCION VENTAS BOGOTA;;549 TIENDA KOAJ CARRERA DECIMA II;;1,04223E+13;CAJERO(A) 36 H;1;1;;;;;;MARZO;2026
42267;VP SENIOR DE COMERCIAL;DIRECCION VENTAS BOGOTA;;549 TIENDA KOAJ CARRERA DECIMA II;;1,04518E+13;STAFF COMERCIAL TC;2;4;;;;;;MARZO;2026
42267;VP SENIOR DE COMERCIAL;DIRECCION VENTAS BOGOTA;;549 TIENDA KOAJ CARRERA DECIMA II;;1,04517E+13;STAFF COMERCIAL 36H;6;3;;;;;;MARZO;2026
42267;VP SENIOR DE COMERCIAL;DIRECCION VENTAS BOGOTA;;549 TIENDA KOAJ CARRERA DECIMA II;;1,04222E+13;CAJERO(A) TC;2;2;;;;;;MARZO;2026
42269;VP SENIOR DE COMERCIAL;DIRECCION VENTAS NACIONALES;;TIENDA KOAJ CENTRO CARRERA 13;;1,04518E+13;STAFF COMERCIAL TC;;3;;;;;;MARZO;2026
42269;VP SENIOR DE COMERCIAL;DIRECCION VENTAS NACIONALES;;TIENDA KOAJ CENTRO CARRERA 13;;1,04517E+13;STAFF COMERCIAL 36H;;2;;;;;;MARZO;2026
42269;VP SENIOR DE COMERCIAL;DIRECCION VENTAS NACIONALES;;TIENDA KOAJ CENTRO CARRERA 13;;1,02058E+13;ADMINISTRADOR(A) DE TIENDA;;1;;;;;;MARZO;2026
42269;VP SENIOR DE COMERCIAL;DIRECCION VENTAS NACIONALES;;TIENDA KOAJ CENTRO CARRERA 13;;1,0211E+13;COADMINISTRADOR(A) DE TIENDA;;1;;;;;;MARZO;2026
42269;VP SENIOR DE COMERCIAL;DIRECCION VENTAS NACIONALES;;TIENDA KOAJ CENTRO CARRERA 13;;1,04222E+13;CAJERO(A) TC;;2;;;;;;MARZO;2026
42251;VP SENIOR DE COMERCIAL;DIRECCION VENTAS NACIONALES;;TIENDA KOAJ FEP;;1,04222E+13;CAJERO(A) TC;;;18;;;;;MARZO;2026
42251;VP SENIOR DE COMERCIAL;DIRECCION VENTAS NACIONALES;;TIENDA KOAJ FEP;;1,04518E+13;STAFF COMERCIAL TC;;;15;;;;;MARZO;2026
42268;VP SENIOR DE COMERCIAL;DIRECCION VENTAS NACIONALES;;TIENDA KOAJ PATIO BONITO;;1,04518E+13;STAFF COMERCIAL TC;;3;;;;;;MARZO;2026
42268;VP SENIOR DE COMERCIAL;DIRECCION VENTAS NACIONALES;;TIENDA KOAJ PATIO BONITO;;1,04517E+13;STAFF COMERCIAL 36H;;2;;;;;;MARZO;2026
42268;VP SENIOR DE COMERCIAL;DIRECCION VENTAS NACIONALES;;TIENDA KOAJ PATIO BONITO;;1,0211E+13;COADMINISTRADOR(A) DE TIENDA;;1;;;;;;MARZO;2026
42268;VP SENIOR DE COMERCIAL;DIRECCION VENTAS NACIONALES;;TIENDA KOAJ PATIO BONITO;;1,02058E+13;ADMINISTRADOR(A) DE TIENDA;;1;;;;;;MARZO;2026
42268;VP SENIOR DE COMERCIAL;DIRECCION VENTAS NACIONALES;;TIENDA KOAJ PATIO BONITO;;1,04222E+13;CAJERO(A) TC;;2;;;;;;MARZO;2026
42268;VP SENIOR DE COMERCIAL;DIRECCION VENTAS NACIONALES;;TIENDA KOAJ PATIO BONITO;;1,04223E+13;CAJERO(A) 36 H;;1;;;;;;MARZO;2026
42264;VP SENIOR DE COMERCIAL;DIRECCION VENTAS NACIONALES;;TIENDA VENTA CORPORATIVA (REBAJONA MONTEVIDEO);;1,04222E+13;CAJERO(A) TC;;;5;;;;;MARZO;2026
42264;VP SENIOR DE COMERCIAL;DIRECCION VENTAS NACIONALES;;TIENDA VENTA CORPORATIVA (REBAJONA MONTEVIDEO);;1,04058E+13;ADMINISTRADOR(A) DE TIENDA;;1;;;;;;MARZO;2026
